sentence_id,original_text,reference_falc,pred_Model_mbart_dpo,pred_Model_gen,pred_Model_em_phrase,pred_Model_mistral_dpo,pred_Model_mistral_grpo
1,"Léa, pourquoi es-tu triste ? Ce matin, Clément se réveille tout content. Aujourd'hui, c'est l'anniversaire de sa petite sœur Léa. Encore en pyjama, il saute de son lit et se précipite vers la chambre de Léa. Il est impatient de lui souhaiter son anniversaire. Arrivé devant sa porte, il frappe doucement avant d'entrer en criant joyeusement: « Bon anniversaire, petite sœur ! » Léa, encore un peu endormie, ouvre un œil. La petite fille a eu du mal à trouver le sommeil cette nuit. C'est pourquoi, ce matin elle est vraiment très fatiguée. Elle aurait voulu se reposer encore un peu. À la place, son frère n'arrête pas de sautiller devant elle en répétant gaiement : « Tu es grande maintenant! ».","Léa est triste Ce matin, Clément est tout content. C'est l'anniversaire de sa sœur Léa. Clément entre dans la chambre de Léa. « Bon anniversaire, petite sœur ! Tu as 8 ans aujourd'hui. Tu es grande maintenant! »",Clément se réveille. C'est l'anniversaire de sa petite sœur Léa. Il veut lui souhaiter son anniversaire. Il frappe doucement à sa porte. Léa est très fatiguée. Mais son frère dit : « Tu es grande maintenant! »,"Léa, pourquoi tu sembles triste aujourd'hui ? Ce matin, Clément se réveille heureux. C'est l'anniversaire de ta petite sœur Léa ! Il saute de son lit et court vers ta chambre. Il est impatient de te souhaiter un bon anniversaire. Arrivé devant ta porte, il frappe doucement avant d'entrer en criant joyeusement : « Bon anniversaire, ma petite sœur ! » Léa ouvre un œil, mais elle semble fatiguée. Elle a eu du mal à dormir cette nuit. C'est pourquoi, ce matin, elle souhaiterait se reposer encore un peu. Mais son frère ne s'arrête pas de sauter devant elle en disant : « Tu es grande maintenant ! »","Léa, pourquoi tu sembles triste aujourd'hui ? Ce matin, Clément se réveille heureux. C'est l'anniversaire de ta petite sœur Léa. Il court vers ta chambre pour te souhaiter bon anniversaire. Il est impatient de te voir. Il frappe doucement à la porte et crie joyeusement : ""Bon anniversaire, ma petite sœur !"" Léa ouvre un œil. Elle a eu du mal à dormir cette nuit. C'est pourquoi, ce matin, elle est vraiment fatiguée. Elle aurait voulu se reposer encore un peu. Mais son frère ne s'arrête pas de sauter devant elle en disant : ""Tu es grande maintenant !""","Léa est triste. C'est l'anniversaire de Léa. Clément est content. Il entre dans la chambre de Léa. Il dit : ""Joyeux anniversaire, petite sœur !"" Léa est épuisée. Elle a du mal à dormir cette nuit. Elle veut encore dormir un peu. Mais son frère ne cesse de sauter devant elle en disant : ""Tu es grande maintenant !""","Léa est triste. C'est l'anniversaire de Léa. Clément est content. Il entre dans la chambre de Léa. Il dit : ""Joyeux anniversaire, petite sœur !"" Léa ouvre un œil. Elle est fatiguée. Elle voulait encore dormir. Son frère n'arrête pas de sautiller et dit : ""Tu es grande maintenant !"""
2,"Clément ne comprend pas l'attitude étrange de sa sœur car lui adore les fêtes d'anniversaire. Les cadeaux, les surprises, les jeux, les bougies, il aime tout ce qui fait de cette journée, une journée spéciale. Il se souvient de la fête d'anniversaire de son ami Maxime. Ses parents avaient organisé une chasse au trésor à travers tout le parc de jeu qui se situait derrière sa maison. Clément avait adoré. Quand la journée fut finie, il était reparti avec un petit sachet de bonbons et il l'avait partagé avec sa sœur. Elle l'avait remercié de sa gentillesse avec un sourire. Pas comme ce matin… Ce qui l'avait le plus marqué, durant cette fameuse fête, c'était le gâteau. Clément n'avait jamais vu un gâteau de la sorte : un gâteau en forme de château fort avec des chevaliers en armure qui se tenaient près du pont-levis et des bougies qui surplombaient les tours.",Clément est heureux. Clément aime les fêtes d'anniversaire. Il aime surtout les gâteaux d'anniversaire. Les gâteaux d'anniversaire sont très beaux. On met de jolies bougies sur le gâteau. « Superbe ! Toutes ces petites lumières! »,"Clément aime les fêtes d'anniversaire. Il aime les cadeaux, les jeux, les bougies. Il se souvient de la fête de son ami Maxime. Ses parents avaient organisé une chasse au trésor dans le parc de jeu. Il avait adoré. Il était reparti avec un petit sachet de bonbons et sa sœur l'avait remercié de sa gentillesse avec un sourire.","Clément ne comprend pas pourquoi sa sœur est si froide aujourd'hui, car il aime les fêtes d'anniversaire. Il aime les cadeaux, les surprises, les jeux, les bougies et tout ce qui fait de cette journée, une journée spéciale. Il se souvient de la fête d'anniversaire de son ami Maxime. Les parents avaient organisé une chasse au trésor dans le parc de jeux derrière leur maison. Clément a aimé beaucoup. Quand la journée était finie, il est allé avec un petit sac de bonbons et il les a partagés avec sa sœur. Elle l'a remercié de sa gentillesse avec un sourire. Mais ce matin, c'est différent... Ce qui l'a le plus marqué, lors de cette fête, c'était le gâteau. Clément n'avait jamais vu un gâteau de cette sorte : un gâteau en forme de château fort avec des chevaliers en armure près du pont-levis et des boug","Clément ne comprend pas pourquoi sa sœur est si froide aujourd'hui, car il aime les fêtes d'anniversaire. Il aime les cadeaux, les surprises, les jeux, les bougies et tout ce qui fait de cette journée, une journée spéciale. Il se souvient de la fête d'anniversaire de son ami Maxime. Ses parents avaient organisé une chasse au trésor dans le parc de jeu derrière leur maison. Clément a aimé beaucoup. Quand la journée était finie, il est retourné avec un petit sac de bonbons et il les a partagés avec sa sœur. Elle l'a remercié de sa gentillesse avec un sourire. Mais ce matin, c'est différent... Ce qui l'a le plus marqué, lors de cette fête, c'était le gâteau. Clément n'avait jamais vu un gâteau aussi beau : un gâteau en forme de château fort avec des chevaliers en armure près du pont-levis et des boug","Clément aime les fêtes d'anniversaire. Il a adoré la chasse au trésor du parc de son ami Maxime. Il est retourné avec du bonbons pour sa sœur. Elle l'a remercié avec un sourire. Pas comme ce matin... Ce qu'il a trouvé le plus beau, c'était le gâteau. Il n'en a jamais vu de aussi belle : un gâteau de château avec des chevaliers et des bougies.","C'était un gâteau très spécial. Clément aime les fêtes d'anniversaire. Il a déjà eu une bonne fête avec ses parents et son ami Maxime. Ils ont joué à la chasse au trésor dans le parc. Clément a adoré et il a emporté un petit sac de bonbons pour sa sœur. Au matin, elle lui a dit merci avec un sourire. Mais ce matin, c'est different. Ce qui l'a le plus marqué, c'est le gâteau. Il a jamais vu un gâteau comme ça : en forme de château fort avec des chevaliers en armure. C'est un gâteau très spécial."
3,"Les courses sans Lila Pendant une bonne partie de la matinée, Clément, Léa et maman cherchent partout. Sous le canapé, dans les caisses de jeux, dans la voiture de maman, aucune trace de Lila nulle part. — Non ma chérie, je ne vois vraiment pas où elle peut être, lui dit doucement maman après avoir cherché dans toute la maison. À ces mots, Léa est encore plus triste. Elle avait espéré retrouver Lila ce matin. Elle ravale un sanglot et fait tout pour que ses larmes ne coulent pas le long de ses joues.","Les courses sans Lila Clément, Léa et maman cherchent Lila dans toute la maison. Pas de trace de Lila. Léa est très triste. Mais elle ne pleure pas.","Les courses sans Lila. Clément, Léa et maman cherchent Lila partout. « Non ma chérie, je ne vois pas où elle peut être. » Léa pleure.","Lila manquait toute la matinée. Clément, Léa et maman cherchaient partout. Pas de Lila sous le canapé, pas de Lila dans les caisses de jouets, pas de Lila dans la voiture de maman. Maman était triste après avoir cherché toute la maison. Léa était plus triste encore. Elle avait espéré retrouver Lila ce matin. Elle pleurait et essaie de ne pas laisser couler ses larmes. Elle manquait Lila.","Lila manquante
Durant la matinée, Clément, Léa et maman cherchent partout pour Lila. Pas de trace de Lila sous le canapé, dans les caisses de jeux, dans la voiture de maman. — Non, ma chérie, je ne vois pas où elle peut être, dit maman après avoir cherché partout à la maison. À ces mots, Léa est triste. Elle avait espéré retrouver Lila ce matin. Elle pleure et essaie de contenir ses larmes.",Clément et maman cherchent partout. Mais ils ne trouvent pas Lila. Maman dit à Léa : « Je ne vois pas où elle peut être. » Léa est très triste. Elle voulait retrouver Lila. Elle essaie de ne pas pleurer.,Clément et maman cherchent partout. Ils ne trouvent pas Lila. Maman dit à Léa : « Je ne vois pas où elle peut être. » Léa est très triste. Elle voulait retrouver Lila. Elle essaie de ne pas pleurer.
4,"La jeune fille tend la main et touche le visage de la poupée à la robe rouge du bout des doigts. — J'ai une poupée qui te ressemble, lui chuchotet-elle. Elle s'appelle Lila et elle est très gentille. Je suis certaine que si vous vous connaissiez vous pourriez être amies toutes les deux. Quelques larmes finissent par apparaître aux coins des yeux de Léa. Elle les sèche avec le dos de sa main. Elle s'est déjà attardée trop longtemps ici, il faut qu'elle aille retrouver sa mère et Clément.","« Tu es jolie avec ta robe rouge. Tu ressembles à ma poupée Lila. Ma poupée Lila a une robe bleue. Elle est très gentille. Tu pourrais être son amie. J'ai perdu ma poupée Lila. Je suis très triste. Elle me manque beaucoup. Au revoir, jolie poupée. Je dois partir. Clément et maman vont s'inquiéter. »","« J'ai une poupée qui te ressemble. Elle s'appelle Lila et elle est gentille. Si vous vous connaissiez, vous pourriez être amies toutes les deux. » Léa pleure.","La petite fille étend la main et touche la poupée rouge. Elle dit en soufflant : ""Tu ressembles à moi, Lila est son nom. Elle est gentille. Je pense que si vous vous connaissiez, vous pourriez être amies. Des larmes apparaissent aux coins des yeux de Léa. Elle les essuie avec le dos de sa main. Elle doit partir trouver sa mère et Clément.","La jeune fille touche la poupée rouge et dit : ""Tu ressembles à moi, Lila."" Elle est gentille. Je pense que si tu connaissais Lila, vous pourriez être amies. Léa a des larmes aux yeux. Elle les essuie avec sa main. Elle doit rentrer chercher sa mère et Clément. Elle a déjà trop longtemps été ici.","La petite fille touche la poupée rouge. Elle dit à voix basque : ""J'ai une poupée qui ressemble à toi. Son nom est Lila et elle est très gentille. Je pense que vous pourriez être amies. Mais Léa pleure un peu. Elle essaie de cacher ses larmes en sèchant ses yeux avec la main. Elle doit aller rejoindre sa mère et son frère Clément.","La petite fille touche la poupée rouge. Elle dit à sa maman : ""J'ai une poupée qui ressemble à toi. Son nom est Lila et elle est très gentille. Je pense que vous pouvez être amies. Mais Léa pleure un peu. Elle essaie de cacher ses larmes. Elle doit aller chercher Clément maintenant."
5,"Cette fois, le gâteau est bel et bien terminé. Maman se charge de verser la pâte dans un moule en forme d'ours.",Clément et Léa ont fini. Maman verse la pâte dans un joli moule. Un moule en forme d'ours!,Le gâteau est fini. Maman prépare un moule en forme d'ours.,"Le gâteau est prêt. Maman met la pâte dans un moule d'ours.

Maman a terminé le gâteau et met la pâte dans un moule en forme d'ours. Elle est heureuse.",Le gâteau est prêt. Maman verse la pâte dans un moule d'ours. (Joie forte),Le gâteau est prêt. C'est un oursin délicieux. Le gâteau est prêt. C'est un oursin délicieux.,Le gâteau est prêt. C'est un ours en forme de gâteau! Le gâteau est prêt. C'est un ours en forme de gâteau.
6,"Lorsqu'Émilie entra dans la salle d'examens, sa mère vaccinait un jeune labrador alors que son père mettait à jour, sur son ordinateur portable, la fiche de l'animal. – Papa, maman, on a une urgence ! dit-elle en arrivant et elle leur raconta toute l'histoire. Dès qu'elle en eut terminé avec le labrador, la mère d'Émilie se dirigea vers la salle d'attente pour prévenir les personnes présentes. Mais, quelle ne fut pas sa surprise en constatant que tout le monde était déjà au courant. Grâce à Pierre, ils se montrèrent même très compréhensifs. Aussi, lorsque Dimitri et Nicolas arrivèrent avec le renard, tout était prêt pour opérer l'animal. Nicolas entra dans la salle d'opérations, aussitôt suivi de Dimitri et Émilie. Leur père les arrêta dans leur élan et leur dit en refermant la porte sur eux : – Je suis désolé, les enfants, mais seul Nicolas peut assister à l'opération puisqu'il a l'intention de devenir, lui aussi, vétérinaire.","Émilie entre dans la salle d'examens. La mère d'Émilie fait des vaccins à un chien. « Papa, maman, c'est urgent. Nous avons trouvé un renard blessé. Il faut sauver notre renard. » « Calme-toi, Émilie. Papa et moi allons tout préparer pour opérer ce petit animal blessé. » Dimitri et Nicolas arrivent avec le renard. Tout est prêt pour l'opération. Nicolas aide ses parents car il veut être vétérinaire.","« Papa, maman, on a une urgence. Il faut vacciner un petit labrador. » La mère d'Émilie prévient tout le monde. Tout le monde est très compréhensif. Nicolas et Émilie arrivent dans la salle d'opérations. Leur père arrête les enfants.","Emilie entra dans la salle d'examens. Sa mère vaccinait un labrador tandis que son père mettait à jour la fiche de l'animal sur son ordinateur portable. ""Papa, maman, il y a une urgence!"" dit-elle. Ils l'écoutèrent et elle leur raconta tout. Sa mère alla dans la salle d'attente pour prévenir les gens. Mais tout le monde était déjà au courant. Grâce à Pierre, ils furent très compréhensifs. Quand Dimitri et Nicolas arrivèrent avec le renard, tout était prêt pour l'opération. Nicolas entra dans la salle d'opérations, suivi de Dimitri et Emilie. Leur père les arrêta et leur dit: ""Je suis désolé, les enfants, mais seul Nicolas peut assister à l'opération, car il veut devenir vétérinaire aussi."" Emilie était triste, mais comprit que c'était juste.","Émilie entra dans la salle d'examens. Sa mère vaccinait un labrador et son père mettait à jour la fiche de l'animal. ""Papa, maman, il y a une urgence !"" dit-elle. Elle leur raconta toute l'histoire. Sa mère alla dans la salle d'attente pour prévenir les gens. Mais tout le monde était déjà au courant. Grâce à Pierre, ils furent très compréhensifs. Quand Dimitri et Nicolas arrivèrent avec le renard, tout était prêt pour opérer l'animal. Nicolas entra dans la salle d'opérations, suivi de Dimitri et Émilie. Son père les arrêta et leur dit : ""Je suis désolé, les enfants, mais seul Nicolas peut assister à l'opération, car il veut devenir vétérinaire aussi.""","Quand Émilie est entrée, sa maman vaccinait un chien et son papa mettait à jour la fiche de cet animal sur son ordinateur. Elle a dit : ""Papa, maman, il y a une urgence !"" Et elle a raconté tout ce qu'elle avait fait. Quand elle a terminé, sa maman est allée dans la salle d'attente pour prévenir les gens. Mais tout le monde y était déjà. Ils ont été très compréhensifs. Tout le monde était prêt quand le renard est arrivé avec Nicolas, Dimitri et Émilie. Leur papa les a arrêtés et a dit : ""Seul Nicolas peut assister à l'opération car il veut devenir vétérinaire aussi.""","Quand Émilie est entrée, sa maman vaccinait un chien et son papa mettait à jour la fiche de l'animal sur son ordinateur. Elle a dit : « Attendez un peu, j'ai une urgence à raconter. » Sa maman est aller dans la salle d'attente pour prévenir les gens. Mais tout le monde était déjà au courant. Grâce à Pierre, ils ont été très compréhensifs. Quand Dimitri et Nicolas sont arrivés avec un renard, tout était prêt pour opérer l'animal. Seul Nicolas a pu assister à l'opération car il veut devenir vétérinaire aussi."
7,"Ses parents se regardèrent, réfléchissant quelques minutes à la proposition d'Émilie. Pouvaient-ils lui confier cette importante responsabilité même si elle semblait très motivée et tenait toujours ses promesses ? – C'est d'accord, finit par dire son père. Les trois premiers jours, le renard resta dans une grande cage à l'intérieur même de la salle d'opérations. Émilie venait tous les jours pour s'occuper de lui. Le quatrième jour, sa mère l'ausculta de nouveau. – Il a l'air d'aller mieux, ce petit renard. On va tenter de le remettre en liberté peu à peu.","« C'est important de s'occuper d'un animal malade. » « Je sais, papa. Je ferai très attention. » « Alors, c'est d'accord. » Émilie vient tous les jours pour soigner le renard. Au bout de 4 jours, le renard va mieux. « Tu vas pouvoir amener le renard à la ferme. » « Super ! Merci, maman. »",Ses parents réfléchissent. « Émilie peut-elle m'aider à garder le petit renard ? »,"Emilie's parents looked at each other, thinking about her proposal. Could they trust her with this big responsibility, even though she seemed very motivated and always kept her promises? – Yes, said her father finally. For the first three days, the fox stayed in a big cage inside the operating room. Emilie came every day to take care of him. On the fourth day, her mother listened to him again. – The fox seems to be getting better, said his mother. We'll try to let him go slowly back to freedom.

Emotion: Neutral (with a hint of hope)","Emilie's parents looked at each other, thinking about her proposal. Could they trust her with this big responsibility, even though she seemed very motivated and always kept her promises? – Yes, said her father finally. For the first three days, the fox stayed in a big cage inside the operation room. Emilie came every day to take care of him. The fourth day, her mother listened to him again. – The fox looks better, he might be ready to go back to freedom soon.","Les parents d'Émilie discutent de son proposition. Ils sont quelque peu hésitants mais en fin de compte, ils acceptent. Le renard reste pendant trois jours dans une grande cage. Émilie s'occupe de lui. Le quatrième jour, la mère du renard l'évalue. Il semble mieux. Ils vont essayer de le libérer progressivement.","Les parents d'Émilie discutent de son proposition. Ils sont un peu étonnés mais enfin ils acceptent. Le renard va vivre avec eux. Émilie s'occupe de lui tous les jours. Le 4e jour, la mère du renard l'évalue. Il semble mieux. Ils vont essayer de le libérer peu à peu."
8,"Enfin, la lumière diminua d'intensité et la scène s'éclaira de bleu et de rouge. Au milieu d'une fumée blanche apparut soudain la star qu'ils attendaient tous. – C'est Lucas! C'est Lucas! cria Émilie toute excitée en prenant le bras de Nicolas pour lui montrer celui qu'elle attendait depuis des mois. – Êtes-vous prêts ? hurla le chanteur. Alors, la batterie entama la première chanson, bientôt rejointe par la guitare électrique et la basse. Rapidement, l'ambiance devint électrique. La foule dansait, tapait des mains et des pieds. Émilie et ses frères chantaient à pleins poumons, ravis d'assister à ce concert. Au bout de deux heures de spectacle, malgré les cris de la foule et plusieurs rappels, le chanteur déclara : – Merci d'être venus aussi nombreux ce soir ! On a passé une super soirée tous ensemble ! À bientôt! Et il quitta définitivement la scène, marquant ainsi la fin du concert.","Soudain, le chanteur du groupe apparaît dans une fumée blanche. Le concert est top. Tout le public chante et danse. Dimitri, Nicolas et Émilie sont très heureux. Au bout de 2 heures, le concert est terminé. Le chanteur salue le public et quitte la scène.","« Lucas ! C'est Lucas ! » Émilie prend le bras de Nicolas pour lui montrer son fils. « Êtes-vous prêts ? » La foule danse, chante et crie. Le chanteur quitte la scène.","La lumière s'est faible et la scène s'est éclairée en bleu et rouge. Puis, dans la fumée blanche, la star attendue est apparue : c'était Lucas! Émilie a crié avec joie et a pris le bras de Nicolas pour le montrer. – Êtes-vous prêts ? a hurlé le chanteur. Alors, la batterie a commencé la première chanson, suivie rapidement par la guitare électrique et la basse. L'ambiance est devenue électrique. La foule a dansé, tapé des mains et des pieds. Émilie et ses frères ont chanté fort, ravis d'assister à ce concert. Après deux heures de spectacle, malgré les cris de la foule et plusieurs rappels, le chanteur a dit : – Merci d'être venus ce soir! C'était une super soirée! À bientôt! Et il est parti définitivement de la scène, marquant ainsi la fin du concert.","La lumière s'est faible et la scène s'est éclairée en bleu et rouge. Puis, dans la fumée blanche, la star attendue est apparue : c'était Lucas! Émilie a crié en se saisissant de Nicolas pour le montrer. – Êtes-vous prêts ? a hurlé le chanteur. Alors, la batterie a commencé la première chanson, suivie rapidement par la guitare électrique et la basse. L'ambiance est devenue électrique. La foule dansait, tapait des mains et des pieds. Émilie et ses frères chantaient à pleins poumons, ravis d'assister à ce concert. Après deux heures de spectacle, malgré les cris de la foule et plusieurs rappels, le chanteur a dit : – Merci d'être venus si nombreux ce soir ! On a passé une super soirée ensemble ! À bientôt! Et il est sorti définitivement de la scène, marquant ainsi la fin du concert","La lumière change. On voit la star : Lucas. Émilie est super excités. Elle montre Nicolas. Lucas crie : ""Êtes-vous prêts ?"" La musique commence. Tout le monde danse et chante. C'est un très bon concert. Après deux heures, le chanteur dit : ""Merci d'être venus!"" Et il quitte la scène. Le concert est fini.","La lumière change. On voit la star : Lucas. Émilie crie de joie. Ils dansent et chantent. C'est un spectacle magnifique. Après deux heures, le chanteur dit : ""Merci d'être venus ! On a passé une super soirée ensemble !"" Et il quitte la scène. Le concert est fini."
9,"Soudain, une forme étrange, sombre et indistincte apparut dans le ciel. Plissant les yeux, Émilie crut voir un aigle. « C'est impossible, se dit-elle, il n'y a pas d'aigle dans la région. » Ce n'était vraiment pas le moment de se demander ce qu'un aigle pouvait bien faire au concert de son groupe préféré car l'animal fonçait droit sur eux, serres en avant. – Baisse-toi, Émilie ! cria son frère. Nicolas appuya alors sur la tête d'Émilie pour l'obliger à se baisser rapidement et l'oiseau referma ses griffes dans le vide, juste au-dessus de sa tête. – Va-t'en ! hurla Nicolas de toutes ses forces, en lui lançant des pierres pour l'effrayer et essayer de le faire fuir. Il toucha la tête de l'aigle mais l'oiseau ne sembla pas avoir peur.","Soudain, un aigle apparaît dans le ciel. L'aigle fonce droit sur Nicolas et Émilie. « Baisse-toi, Émilie ! » Émilie se baisse, juste à temps. L'aigle ne réussit pas à attraper Émilie. Nicolas lance des pierres pour faire fuir l'aigle.","Soudain, un aigle apparaît dans le ciel. Émilie pense qu'il n'y a pas d'aigle dans la région. Mais il y a un autre aigle. « Baisse-toi ! », crie Nicolas. L'oiseau attaque Nicolas. Il touche la tête d'Émilie.","Un oiseau étrange apparut soudain dans le ciel. Émilie pensa qu'il s'agissait d'un aigle, mais elle pensa que c'était impossible car il n'y avait pas d'aigle dans cette région. L'oiseau vola droit vers eux, les griffes ouvertes. – Baisses-toi, Émilie ! cria son frère Nicolas. Il poussa sur la tête d'Émilie pour la faire se baissée rapidement. L'oiseau referma ses griffes juste au-dessus de sa tête. – Va-t'en ! hurla Nicolas en lui lançant des pierres pour l'effrayer. Mais l'oiseau ne sembla pas avoir peur.","Un oiseau étrange apparut soudain dans le ciel. Il était sombre et indistinct. Émilie pensa qu'il s'agissait d'un aigle. « C'est impossible, pensa-t-elle, il n'y a pas d'aigle ici. » Elle devait se demander ce que faire de cet oiseau au concert de son groupe préféré, car il volait droit vers eux, griffes en avant. – Baisses-toi, Émilie ! cria son frère Nicolas. Il appuya sur la tête d'Émilie pour la faire basculer rapidement. L'oiseau referma ses griffes juste au-dessus de sa tête. – Va-t'en ! hurla Nicolas en lui lançant des pierres pour l'effrayer et l'en chasser. Il toucha la tête de l'oiseau, mais il ne sembla pas avoir peur.","Une forme étrange apparaît au ciel. Émilie pense voir un aigle, mais ça ne fait pas de sens car il n'y a pas d'aigle ici. L'aigle plane vers eux et Nicolas crie : ""Baisse-toi !"" Il frappe Émilie pour qu'elle se couche vite. L'aigle passe au-dessus d'elle et Nicolas hurle : ""Va-t'en !"" Il essaie de l'effrayer en lançant des pierres, mais l'aigle ne s'éloigne pas.","Une forme étrange apparaît au ciel. Émilie pense voir un aigle, mais ça ne peut pas être vrai. L'aigle plane vers eux, les griffes étendues. Nicolas crie : ""Baisse-toi, Émilie !"" Il frappe son sister pour l'obliger à se coucher vite. Mais l'aigle ne s'étonne pas. Nicolas hurlera : ""Va-t'en !"" Et il lancera des pierres pour essayer de le faire fuir."
10,"À l'orée du bois, Émilie remarqua que le ciel avait changé de couleur. Il était désormais nimbé de longues traces orangées, semblables à celles qui zèbrent le ciel lorsque le Soleil se couche. – Émilie, ce que tu vois, ce sont des traces de magie, expliqua Léo. La magie est particulièrement forte au coucher du Soleil, c'est pourquoi les humains peuvent la voir à ce moment-là. Maintenant, grâce à la pierre, tu la verras tout le temps et partout. Léo et Émilie pénétrèrent dans la forêt. Émilie découvrit une forêt bien différente de celle qu'elle connaissait. Les arbres n'étaient pas seulement verts, ils étaient aussi rouges, orange et même parfois violets. Dans l'eau de la rivière, elle sembla apercevoir la forme d'un visage. « Une autre nymphe comme Mélody ? » pensa-t-elle. Le visage lui sourit avant de disparaître sous l'eau.","« Regarde les traces orange dans le ciel. Ce sont des traces de magie. La pierre du Soleil va te faire voir la magie partout et tout le temps. » Léo a raison. Émilie voit dans la forêt : – des arbres rouges ou violets, – un visage dans l'eau.","« Émilie, le ciel change de couleur. Il y a des traces orangées sur le sol. La magie est très forte au coucher du Soleil. Maintenant, tu peux voir la magie partout. »","Dans la forêt, Émilie vit un ciel orange. Léo dit que c'est la magie, plus forte au coucher du soleil. Maintenant, grâce à la pierre, elle peut la voir tout le temps. Léo et Émilie entrèrent dans la forêt. Elle vit des arbres verts, rouges, orange et violets. Dans l'eau de la rivière, elle pensa voir un visage. Elle pensa à une autre nymphe comme Mélody. Le visage lui souriait avant de disparaître.","Dans la forêt, Émilie vit le ciel devenir orange. C'était comme si le Soleil avait laissé des traces sur le ciel avant de s'endormir. Léo dit que c'était de la magie, et que maintenant Émilie pourrait la voir tout le temps grâce à la pierre. Léo et Émilie entrèrent dans la forêt. La forêt était différente, les arbres étaient verts, rouges, orange et même violets. Dans l'eau de la rivière, Émilie pensa qu'elle apercevait un visage. Elle pensa peut-être qu'il s'agissait d'une autre nymphe comme Mélody. Le visage lui souriait avant de disparaître sous l'eau.","À la périphérie de la forêt, le ciel changeait de couleur. Il y avait des traces orange qui ressemblaient à celles du crépuscule. Léo dit à Émilie : ""Ce que tu vois, c'est la magie. La magie est plus forte au coucher du Soleil, alors les humains la voient à ce moment-là. Mais grâce à la pierre, tu la verras tout le temps et partout."" Léo et Émilie pénétrèrent dans la forêt. Émilie vit une forêt très différente. Les arbres n'étaient pas seulement verts, ils étaient aussi rouges, orange et violets. Dans l'eau de la rivière, elle aperçut un visage. Elle pensa que c'était une autre nymphe comme Mélody. Le visage sourit avant de disparaître sous l'eau.","Émilie et Léo entrent dans la forêt. Émilie voit que les arbres sont pas seulement verts, ils sont aussi rouges, orange et violets. Elle voit aussi une forme humaine dans l'eau de la rivière qui sourit avant de disparaître."
11,"Alors qu'ils s'enfonçaient toujours plus profondément dans les bois, Émilie demanda : – Où allons-nous ? – Nous allons voir la reine du monde magique. Je dois te présenter à elle. En outre, elle pourra certainement nous aider à retrouver ton frère, lui répondit-il. Bientôt, ils arrivèrent devant une grotte qu'Émilie n'avait jamais vue auparavant. Sans doute, cette grotte devait être invisible aux humains. Léo y entra sans hésitation. Émilie le suivit. Mais, plus ils avançaient dans la grotte, plus il faisait sombre et bientôt Émilie ne parvint plus à distinguer quoi que ce soit. – Léo, Léo ? appela-t-elle à plusieurs reprises. S'il te plaît, Léo, aide-moi à trouver mon chemin dans le noir. Ce n'est pas drôle. Léo lui répondit: – Prends la pierre du soleil dans ta poche et demandelui de t'aider. Suivant ses conseils, Émilie glissa sa main dans sa poche et en ressortit la pierre. Elle brillait doucement, éclairant la paume de sa main.","« Où allons-nous, Léo ? » « Nous allons voir la reine du monde magique. Notre reine peut nous aider. » Émilie et Léo arrivent devant une grotte. Ils entrent dans la grotte. Il fait tout noir. « J'ai peur dans le noir. » « Sors la pierre du Soleil de ta poche. La pierre du Soleil va t'éclairer.» Émilie prend la pierre du Soleil dans sa main.","« Nous allons voir la reine du monde magique. Je dois te présenter à elle. Elle pourra peut-être nous aider à retrouver ton frère. » Émilie et Léo arrivent dans une grotte. Il fait très sombre. « Léo, aide-moi à trouver mon chemin dans le noir. »","Émilie se demandait où ils allaient. Léo répondit : ""Nous allons rencontrer la reine du monde magique. Elle va peut-être nous aider à retrouver ton frère."" Ils arrivèrent devant une grotte qu'Émilie n'avait jamais vue. Léo entra sans hésiter. Émilie le suivit. Mais, plus ils avançaient, plus c'était sombre. Émilie appelait Léo : ""Léo, Léo, aide-moi à trouver mon chemin."" Léo dit : ""Prends la pierre du soleil dans ta poche et demande-lui d'aider toi."" Émilie prit la pierre et elle commença à éclairer sa main. Elle put voir son chemin.","Émilie demanda : – Où nous allons-nous ? Léo répondit : Nous allons voir la reine magique. Elle peut nous aider à trouver ton frère. Ils arrivèrent devant une grotte. Léo entra. Émilie le suivit, mais plus ils avançaient, plus il faisait sombre. Elle appelait Léo pour l'aider. Il lui dit : Prends la pierre du soleil et demande-lui d'aider. Émilie la trouva et elle brillait, éclairant son chemin.","– Léo, je suis perdue dans les bois. Où allons-nous ? Répondant à sa question, il dit : ""Nous allons voir la reine du monde magique. Elle pourra peut-être nous aider à retrouver ton frère."" Plus ils avançaient, plus il faisait noir. Émilie appelait Léo : ""Léo, Léo ? S'il te plaît, aide-moi à trouver mon chemin."" Il dit : ""Prends la pierre du soleil dans ta poche et demande-lui d'éclairer ton chemin."" Elle trouva la pierre et la tint dans sa main pour voir.","– Léo ? appela Émilie. Soudain, il répondit: – Où es-tu ? Émilie se retourne. Léo est derrière elle. Ils sont arrivés à une grotte. Il y a une lumière douce qui vient d'une pierre. Léo dit : ""Prends cette pierre et demande-lui d'aider toi à trouver ton chemin dans le noir."" Émilie prend la pierre et la met dans sa poche. Elle demande à Léo : ""Où es-tu ?"" Il répond : ""Je suis derrière toi."""
12,"Léo et Émilie furent soulagés. Ouf ! Ils étaient en sécurité pour le moment! Ils sortirent de derrière les sacs et se dirigèrent au bout de la ruelle. Arrivés à l'extrémité, Léo poussa quelques branches et un trou sans fond apparut à leurs pieds. Émilie se pencha au-dessus de la fosse et dit: – Ce ne sont quand même pas les… – … Égouts ? Si, si, termina Léo. Si nous voulons nous en sortir, c'est la seule solution. Suis-moi mais fais attention ! On ne sait jamais sur qui on peut tomber dans cet endroit. Tout ceci ne rassurait pas vraiment Émilie. Elle grimaça mais ce n'était pas le moment de jouer les princesses. Elle se glissa donc dans le trou à la suite du renard. Heureusement, la pierre à son cou brillait toujours et lui permettait de voir devant elle. Ils passaient d'un couloir à l'autre. Émilie se demandait bien comment Léo arrivait à se repérer parmi toutes ces galeries toutes plus sales les unes que les autres. Alors qu'ils poursuivaient leur chemin, Émilie finit par poser à Léo la question qui lui brûlait les lèvres depuis qu'ils avaient quitté le palais. – Que s'est-il passé ? Qu'avons-nous fait de mal pour que les loups nous attaquent ainsi ? Tu m'avais bien dit qu'ils n'attaquaient que sur ordre de la reine ?","Ouf ! Émilie et Léo sont sauvés. « Il y a les égouts au bout de la rue. Nous allons passer par les égouts. Les loups ne pourront pas nous suivre. » « Es-tu vraiment sûr ? » « Oui. C'est la seule solution. » « Bon, je te suis. » Émilie et Léo entrent dans les égouts. Il fait tout noir mais la pierre du Soleil éclaire leur chemin. « Pourquoi les loups nous ont-ils attaqués ? »","Léo et Émilie sont en sécurité. Mais il y a un trou dans la ruelle. Léo dit: « Ce ne sont pas les... ». « Ne t'inquiète pas. Suis-moi mais fais attention ! On ne sait jamais sur qui on peut tomber dans cet endroit. Heureusement, la pierre à son cou est toujours là. »","Léo et Émilie se sentirent soulagés. Ils étaient en sécurité pour l'instant! Ils sortirent de derrière les sacs et marchèrent vers la fin de la ruelle. Arrivés à la fin, Léo cassa quelques branches et un trou sans fond apparut sous leurs pieds. Émilie se pencha au-dessus de la fosse et dit: – Ce ne sont pas des égouts, non ? Oui, oui, répondit Léo. Si nous voulons nous en sortir, c'est la seule solution. Suis-moi, mais prends garde ! On ne sait jamais sur qui on peut tomber dans cet endroit. Cela ne rassura pas vraiment Émilie. Elle grimaça mais ce n'était pas le moment de jouer les princesses. Elle glissa donc dans le trou à la suite du renard. Heureusement, la pierre à son cou brillait toujours et lui permettait de voir devant elle. Ils passèrent d'un couloir à l'autre. Émilie se demandait comment Léo arriv","Léo et Émilie se sentirent soulagés. Ils étaient en sécurité pour l'instant! Ils sortirent de derrière les sacs et marchèrent vers la fin de la ruelle. Arrivés à la fin, Léo poussa quelques branches et un trou sans fond apparut à leurs pieds. Émilie se pencha au-dessus de la fosse et dit: – Ce ne sont pas les égouts, non ? Oui, oui, répondit Léo. Si nous voulons nous en sortir, c'est la seule solution. Suis-moi, mais prends garde ! On ne sait jamais sur qui on peut tomber dans cet endroit. Cela ne rassura pas vraiment Émilie. Elle grimaça mais ce n'était pas le moment de jouer les princesses. Elle se glissa donc dans le trou à la suite du renard. Heureusement, la pierre à son cou brillait toujours et lui permettait de voir devant elle. Ils passaient d'un couloir à l'autre. Émilie se demandait comment Léo",Léo et Émilie sont en sécurité. Mais ils sont dans un trou. Il y a une fosse sous leurs pieds. Émilie descend dans le trou. Léo suit après. Il y a une pierre à son cou qui brille. Elle lui permet de voir où aller. Ils passent dans des couloirs sales. Émilie demande à Léo : « Qu'est-ce qui s'est passé ? Pourquoi les loups nous attaquent ? Tu m'as dit qu'ils ne nous attaquaient que sur ordre de la reine ? »,"Léo et Émilie sont en sécurité. Mais ils sont dans un trou. Il y a une fosse sous leur pied. Léo dit : « Suis-moi, mais fais attention ». Ils descendent dans la fosse. Émilie suit Léo. Elle voit tout ce monde par sa pierre au cou. Mais ils passent dans des couloirs sales. Dans un couloir, Émilie demande à Léo : « Qu'est-ce qui s'est passé ? Pourquoi les loups nous attaquent ? Tu m'as dit qu'ils ne nous attaquaient que sur ordre de la reine ? »"
13,"Lorsqu'ils furent tous les deux entièrement recouverts de boue, Léo dessina sur le sol une carte avec ses pattes pour expliquer son plan à Émilie car ils devraient ensuite rester silencieux tout le long de la traversée. Il fit d'abord deux croix et expliqua : – Nous sommes ici et nous devons aller là-bas. Puis, en dessinant un rond, il ajouta : – Les renifleurs sont ici. Enfin, il traça une ligne et conclut : – Cette ligne représente le chemin que nous devrons prendre pour que le vent nous aide à cacher notre odeur. Je pense que tu avais déjà deviné pourquoi nous les appelons ainsi. Émilie commençait à trouver que ce monde magique n'avait rien de drôle : tout d'abord, les loups scorpions, puis les poubelles, les égouts et maintenant, les taupes « renifleuses ». Cependant, elle faisait confiance à Léo et son plan semblait parfait. Les deux complices se mirent à plat ventre et commencèrent à avancer en silence en s'appuyant sur les genoux et les coudes.","Léo dessine une carte sur le sol pour expliquer son plan à Émilie. « Il n'est pas drôle ton monde, Léo. Les loups scorpions, les poubelles, les égouts… Et les taupes renifleuses. » « La reine nous a prévenus des dangers. Mais fais-moi confiance. » « OK, je te suis. » Émilie et Léo se couchent sur le ventre. Ils avancent tout doucement sans faire de bruit.",Léo dessine une carte pour expliquer son plan. Il dit : « Nous devons aller là-bas. Les renifleurs sont ici. » Émilie trouve que ce n'est pas drôle. Mais Léo trouve que son plan est bon. Les deux complices se mettent à plat ventre et marchent en silence.,"Léo dessina sur le sol une carte pour expliquer son plan à Émilie. Il fit deux croix pour montrer leur position et un rond pour indiquer où les renifleurs sont. Puis, il tracça une ligne pour montrer le chemin qu'ils devraient suivre pour que le vent les aide à cacher leur odeur. Léo pense que c'est ça pourquoi on les appelle ainsi. Émilie trouvait ce monde étrange : les loups scorpions, les poubelles, les égouts et maintenant les taupes ""renifleuses"". Cependant, elle avait confiance en Léo et son plan semblait parfait. Les deux amis se mettent à plat ventre et commencent à avancer en silence en s'appuyant sur les genoux et les coudes.","Léo dessina sur le sol. Il fit deux croix et dit : ""Nous sommes ici, nous devons aller là-bas."" Puis il dessina un rond et ajouta : ""Les taupes sont ici."" Enfin, il tracça une ligne : ""Ce chemin nous aidera à cacher notre odeur."" Léo pense que tu as déjà deviné pourquoi nous les appelons ainsi. Émilie trouvait ce monde magique étrange : loups scorpions, poubelles, égouts et maintenant taupes qui ""reniflent"". Cependant, elle avait confiance en Léo et son plan semblait parfait. Les deux amis se mettent à plat ventre et commencent à avancer en silence en s'appuyant sur les genoux et les coudes.","Léo dessine une carte sur le sol pour expliquer son plan à Émilie. Ils doivent rester silencieux et suivre la ligne pour que le vent masque leur odeur. Léo montre où ils sont et où ils doivent aller. Il dessine aussi un rond pour indiquer la position des taupes renifleuses. Jean pense que ce monde magique n'est pas si étrange après tout. Il fait confiance à Léo et son plan semble parfait. Ils avancent en s'appuyant sur les genoux et les coudes, suivant la carte dessinée par Léo.","Léo dessina une carte sur le sol pour expliquer son plan à Émilie. Ils devraient rester silencieux tout le long de la traversée. Il fit deux croix pour indiquer leur position et où ils devaient aller. En dessinant un rond, il expliqua que les renifleurs étaient là. Enfin, il traça une ligne pour montrer le chemin à suivre pour que le vent masque leur odeur. Je pense que tu avais déjà deviné pourquoi nous les appelons ainsi. Émilie trouvait ce monde magique de plus en plus normal : les loups scorpions, les poubelles, les égouts et maintenant, les taupes ""renifleuses"". Mais elle faisait confiance à Léo et son plan semblait parfait. Ils se mettent à plat ventre et avancent en silence en s'appuyant sur les genoux et les coudes."
14,"– Nicolas! Nicolas! appela alors Émilie car elle seule pouvait utiliser les pouvoirs de la pierre du Soleil et parler avec Léo. Nicolas, assis au fond du nid, leva la tête en entendant la voix d'Émilie. Et quelle ne fut pas sa surprise en voyant Léo assis sur le bord du nid. – Mais que faites-vous ici ? demanda Nicolas. Émilie lui répondit simplement: – Nous n'avons pas beaucoup de temps. Il faut qu'on te sorte de là, très vite avant que l'aigle ne revienne. Je t'expliquerai plus tard toute cette histoire. Nicolas essaya de se lever sans y parvenir. – Je crois que ma jambe est cassée, dit-il. Impossible d'escalader le nid avec une jambe cassée ! – Émilie, nous allons encore avoir besoin de l'eau de la fontaine magique ! proposa Léo. Aussitôt, Émilie fouilla dans son sac et donna à Léo la gourde qui contenait le reste de l'eau de la fontaine magique. Celui-ci la prit et grimpa à nouveau sur les épaules d'Émilie avant de sauter dans le nid. – Bois l'eau de la gourde que t'apporte Léo. Fais-moi confiance, elle va guérir ta jambe, cria Émilie à Nicolas.","Nicolas est très surpris de voir Léo. « Que fais-tu là, Léo ?» « Léo et moi sommes venus te chercher. Nous devons nous sauver très vite avant le retour de l'aigle. » « Je ne peux pas bouger. J'ai la jambe cassée. » « Bois l'eau de cette gourde. Fais-moi confiance. Cette eau va guérir ta jambe. »","« Nicolas! Émilie, que fais-tu ici ? » « Je crois que ma jambe est cassée. Je vais encore avoir besoin de l'eau de la fontaine magique. » Léo donne à Nicolas une gourde d'eau. Nicolas grimpe sur les épaules d'Émilie pour sauter dans le nid.","Nicolas, Émilie est venue pour toi. Seule elle peut parler avec Léo et utiliser la pierre du Soleil. Nicolas, assis au fond du nid, a levé la tête à la voix d'Émilie. Il a été surpris de voir Léo sur le bord du nid. ""Qu'est-ce que tu fais ici?"" a demandé Nicolas. Émilie a répondu simplement : ""Nous avons peu de temps. Il faut que tu te sortes de là, très vite avant que l'aigle ne revienne. Je te raconterai plus tard toute cette histoire. "" Nicolas a essayé de se lever mais n'a pas pu. ""Ma jambe est cassée,"" a dit-il. ""Impossible de grimper dans le nid avec une jambe cassée !"" A propos de cela, Léo a dit : ""Nous allons encore avoir besoin de l'eau de la fontaine magique !"" Immediatement, Émilie a fouillé dans son sac et a donné à Léo la gour","Nicolas, Émilie est venue pour vous aider. Elle a le pouvoir de la pierre du Soleil et peut parler avec Léo. Nicolas, assis au fond du nid, a levé la tête à la voix d'Émilie. Il a été surpris de voir Léo sur le bord du nid. ""Qu'est-ce que tu fais ici?"" a demandé Nicolas. Émilie a répondu simplement : ""Nous n'avons pas beaucoup de temps. Il faut que je te sorte de là, très vite avant que l'aigle ne revienne. Je te raconterai plus tard toute cette histoire. "" Nicolas a essayé de se lever mais n'a pas pu. ""Ma jambe est cassée,"" a-t-il dit. Il ne peut pas grimper dans le nid avec une jambe cassée ! ""Émilie, nous allons encore avoir besoin de l'eau de la fontaine magique,"" a proposé Léo. Immediatement, Émilie a fouillé dans son sac et a donné à","Émilie appelle Nicolas. Seul elle peut parler à Léo avec la pierre du Soleil. Nicolas est au fond du nid. Il est surpris de voir Léo à côté de lui. Émilie dit : « On n'a pas le temps. On t'aide à sortir de là. Je te raconterai plus tard. » Nicolas essaie de se lever, mais sa jambe est cassée. Léo suggest que ils aient encore besoin de l'eau magique. Émilie donne à Léo la gourde avec de l'eau. Il monte sur les épaules d'Émilie et saute dans le nid. Émilie crie à Nicolas : « Bois l'eau de la gourde. Elle guérit ta jambe. »","Émilie appelle Nicolas. Seul Émilie peut utiliser la pierre du Soleil pour parler à Léo. Nicolas est assis au fond du nid. Il est surprise de voir Léo près de lui. Émilie dit : « On n'a pas le temps. On t'aide à sortir de là. Je te raconterai plus tard. » Nicolas essaie de se lever, mais sa jambe est cassée. Léo suggest d'utiliser l'eau magique pour guérir Nicolas. Émilie donne à Léo la gourde avec l'eau. Il monte sur les épaules d'Émilie et saute dans le nid. Émilie crie à Nicolas : « Bois l'eau de la gourde. Elle guérira ta jambe. »"
15,"Nicolas, Émilie et Léo retenaient leur souffle. Il ne fallait surtout pas faire de bruit sinon l'aigle risquait de les repérer. Soudain, il passa au-dessus d'eux sans les voir. Léo fit signe à ses deux amis qu'il était temps de filer et il se mit à courir devant eux pour leur indiquer le chemin. Cependant, Nicolas ne pouvait pas courir aussi vite que les autres car sa jambe, même guérie, restait fragile. Alors qu'il tentait de les rattraper, l'aigle le vit et fonça sur lui, serres en avant, prêt à l'attraper. – Oh non ! gémit Émilie. Nicolas eut tout juste le temps de se précipiter derrière un nid avant que les serres ne se referment sur son dos. – Ouf ! Il s'en est fallu de peu. Il ne va certainement pas en rester là. Il va revenir. Heureusement, j'ai une idée ! dit Émilie. Elle prit dans sa main la pierre du Soleil qui pendait à son cou. La pierre réagit immédiatement et se mit à briller fortement. Comme avec le renifleur, Émilie espérait éblouir l'elki avec la pierre. Elle leva le bras le plus haut qu'elle put et dirigea la pierre en direction des yeux de l'elki. Celui-ci, agacé d'avoir laissé échapper sa proie, volait dans tous les sens et elle se trouvait relativement loin de lui. Elle faisait du mieux qu'elle pouvait mais elle n'était pas sûre d'y parvenir !","« Nous devons partir très vite. » Les 3 amis partent en courant. Mais Nicolas ne peut pas courir car il a encore mal à sa jambe. Soudain, l'aigle fonce sur Nicolas. Ouf ! Nicolas a pu se cacher avant l'arrivée de l'aigle. « L'aigle va revenir. J'ai une idée pour échapper à l'aigle. Je vais éblouir l'aigle avec la pierre du Soleil. »","Nicolas, Émilie et Léo attendent que l'aigle arrive. Mais il ne les voit pas. Il ne peut pas les rattraper. « Oh non ! Il s'en est fallu de peu. Il va revenir. Heureusement, j'ai une idée ! »","Les amis Nicolas, Émilie et Léo se tenaient en silence, ne faisant pas de bruit pour ne pas attirer l'attention de l'aigle. L'aigle passa au-dessus d'eux sans les voir. Léo signala à ses amis de courir et prit la tête pour les guider. Mais Nicolas, qui avait une jambe fragile, ne pouvait pas courir aussi vite. L'aigle le vit et s'approcha de lui, prêt à le saisir. – Oh non ! cria Émilie. Nicolas se précipita derrière un nid juste à temps pour échapper aux serres de l'aigle. – Phew ! Il a manqué de peu. Il ne va certainement pas en rester là. Il reviendra. Mais j'ai une idée ! dit Émilie. Elle prit la pierre du Soleil qu'elle portait autour de son cou. La pierre brillait immédiatement. Comme avec le renifleur, Émilie espérait","Nicolas, Emilie et Leo se taisaient et ne faisaient pas de bruit pour ne pas attirer l'attention de l'aigle. L'aigle passa au-dessus d'eux sans les voir. Leo signala à ses amis de courir et courut devant eux pour les guider. Cependant, la jambe de Nicolas, bien que guérie, restait fragile et il ne pouvait pas courir aussi vite que les autres. Alors qu'il tentait de les rattraper, l'aigle le vit et plongea sur lui. – Oh non ! pleura Emilie. Nicolas eut juste le temps de se cacher derrière un nid avant que les serres ne le saisissent. – Phew ! Il a manqué de peu. Il ne va pas en rester là. Il reviendra. Heureusement, j'ai une idée ! dit Emilie. Elle prit la pierre du Soleil qui pendait autour de son cou. La pierre réagit immédiatement et commen","« Émilie, Nicolas et Léo sont en danger. L'aigle les voit mais ils ne font pas de bruit. Soudain, l'aigle passe à côté d'eux. Léo court pour les aider à fuir. Nicolas est blessé, il courait mais l'aigle le voit et vient vers lui. « Oh non ! » pense Émilie. Nicolas arrive derrière un nid juste à temps. L'aigle manque. Mais il reviendra. « Émilie a une idée » pense-t-elle. Elle prend la pierre du Soleil qu'elle porte autour de son cou. La pierre brille fort. Elle veut éblouir l'aigle comme avec le renifleur. Elle tend la pierre en direction des yeux de l'aigle. Il est énervé de les avoir échappées et vole dans tous les sens. Elle est loin de lui mais fait du mieux qu'elle peut pour le surprendre ! »","""Émilie, Nicolas et Léo sont en danger. L'aigle les voit mais ils ne font pas de bruit. Soudain, l'aigle passe à côté d'eux. Léo signale de courir à ses amis. Mais Nicolas est encore faible à cause de sa jambe cassée. L'aigle le voit et vient vers lui. ""Oh non !"" pousse Émilie. Nicolas arrive à se cacher derrière un nid juste à temps. L'aigle est en colère et vole à côté d'eux. Émilie a une idée. Elle prend la pierre du Soleil qu'elle porte autour de son cou. La pierre brille fort et Émilie veut éblouir l'aigle. Elle lève son bras et pointe la pierre vers les yeux de l'aigle. L'aigle s'en est fallu de peu !"""
16,Nous sommes en 1872. Phileas Fogg est un gentleman anglais. On ne sait pas grand-chose de lui. Il est assez mystérieux. Phileas Fogg n'a pas quitté Londres depuis des années.,L'histoire se passe en 1872. Phileas Fogg est le héros anglais de l'histoire. Phileas Fogg vit à Londres. Londres est une ville en Angleterre. lhistoire le héros anglais Londres l'Angleterre,Nous sommes en 1872. Phileas Fogg est un gentleman anglais. On ne sait pas grand-chose de lui. Il est très mystérieux. Il n'a pas quitté Londres depuis des années.,"Phileas Fogg est un Anglais mystérieux, qui vit à Londres depuis longtemps. Il a décidé d'un voyage extraordinaire autour du monde en 80 jours. Il part le 2 octobre 1872. Il a 40 ans. Il a besoin d'argent et de courage. Il a un ami, Jean Passepartout, qui l'accompagne. Ils ont des aventures incroyables. Ils rencontrent des gens de toutes les cultures. Ils traversent des déserts, des montagnes, des océans. Ils arrivent à Bombay, Calcutta, Yokohama, San Francisco, New York, et enfin à Liverpool. Ils arrivent à Londres le 21 décembre 1872. Phileas Fogg a gagné son pari. Il est heureux.",Phileas Fogg est un gentleman anglais qui vit à Londres depuis longtemps. Il est mystérieux. Il n'a pas quitté la ville depuis des années.,Mais il veut voyager autour du monde. C'est en 1872. Phileas Fogg est un homme mystérieux. On sait peu de choses à son sujet. Il vit à Londres et n'y est jamais parti. Mais il veut voyager autour du monde.,Mais il part en voyage autour du monde. C'est en 1872. Phileas Fogg est un homme mystérieux. On sait peu de choses à son sujet. Il vit à Londres et n'y est jamais parti. Mais il décide soudain d'aller voyager autour du monde.
17,"Sept jours après le départ des 2 hommes, le détective Fix fait paraître une dépêche demandant l'arrestation de Phileas Fogg. Le détective Fix pense que Phileas Fogg est le gentleman qui a cambriolé la banque d'Angleterre et qu'il a entrepris ce tour du monde dans le seul but d'échapper à la police.","un détective Il a cambriolé. la banque la police 7 jours après le départ de Phileas Fogg et Passepartout, le détective Fix accuse Phileas Fogg : « C'est Phileas Fogg qui a cambriolé la banque d'Angleterre. Je suis sûr que Phileas Fogg fait le tour du monde pour échapper à la police ! »",Le détective Fix demande l'arrestation de Phileas Fogg. Il pense qu'il a cambriolé la banque d'Angleterre.,"Sept jours après leur départ, le détective Fix publie une annonce pour arrêter Phileas Fogg. Le détective Fix pense que Phileas Fogg est le voleur de la banque d'Angleterre et qu'il a fait le tour du monde uniquement pour échapper à la police. Il est triste et colère.","Sept jours après leur départ, le détective Fix publie un avis d'arrêt pour Phileas Fogg. Fix pense que Fogg est le voleur de la banque d'Angleterre et qu'il a fait le tour du monde pour échapper à la police. Il est triste et colère car il pense que Fogg l'a trompé.","17 jours après que les 2 hommes soient partis, le détective Fix fait paraitre une dépêche pour arrêter Phileas Fogg. Il pense que Phileas Fogg est le gentleman qui a volé dans la banque d'Angleterre et qu'il fait le tour du monde pour échapper à la police.","17 jours après que les 2 hommes ont quitté la ville, le détective Fix fait paraitre une dépêche pour dire qu'on doit arrêter Phileas Fogg. Il pense que Phileas Fogg est le gentleman qui a volé de l'argent à la banque d'Angleterre. Il pense que Phileas Fogg fait le tour du monde pour échapper à la police."
18,"A Hong-Kong, Phileas Fogg, Passepartout, Fix et Aouda manquent le départ pour le Japon. Passepartout va sur le port pour réserver le bateau. Passepartout rencontre l'inspecteur Fix sur le port. « Le 28 septembre un vol a été commis à la banque d' Angleterre par un individu ressemblant étrangement à Mr Fogg - Mon maître est le plus honnête homme du monde. » L'inspecteur Fix glisse dans la main de Passepartout une pipe chargée d'opium. Passepartout s'endort.","Le train arrive à Hong-Kong. Phileas Fogg, Passepartout et Aouda veulent prendre le bateau pour le Japon. L'inspecteur Fix parle avec Passepartout. « Phileas Fogg a volé la banque d'Angleterre. Il faut m'aider à l'arrêter. - Phileas Fogg n'est pas un voleur ! » L'inspecteur Fix donne de la drogue à Passepartout. Passepartout s'endort. Hong-Kong Il parle. de la drogue . Il s'endort.","Phileas Fogg, Passepartout, Aouda et l'inspecteur Fix arrivent à Hong-Kong. Ils cherchent un bateau pour le Japon. Un vol a été commis par un homme ressemblant étrangement à Mr Fogg. Il prend une pipe d'opium et s'endort.","À Hong-Kong, Phileas Fogg, Passepartout, Fix et Aouda manquent le bateau pour le Japon. Passepartout va au port pour réserver un autre bateau. Il rencontre l'inspecteur Fix sur le port. L'inspecteur Fix dit à Passepartout : ""Le 28 septembre, une vol est commise à la banque d'Angleterre par un homme qui ressemble beaucoup à M. Fogg. Mais mon maître est le plus honnête homme du monde."" L'inspecteur Fix donne à Passepartout une pipe remplie d'opium. Passepartout s'endort.

Passepartout s'endormit en ayant une pipe d'opium dans la main. L'inspecteur Fix dit que M. Fogg est honnête.","Passepartout manque le bateau pour le Japon. Il va au port pour réserver un autre. Il rencontre l'inspecteur Fix. L'inspecteur dit : ""Le 28 septembre, un vol a été commis à la banque d'Angleterre par un homme qui ressemble à M. Fogg. Mais mon maître est un homme honnête."" L'inspecteur donne une pipe remplie d'opium à Passepartout. Passepartout s'endort.

Passepartout miss le bateau pour le Japon. Il va au port pour réserver un autre. Il rencontre l'inspecteur Fix. L'inspecteur dit qu'il y a eu un vol à la banque d'Angleterre et qu'un homme qui ressemble à M. Fogg est suspecté. Mais l'inspecteur pense que M. Fogg est honnête. L'inspecteur donne une pipe remplie d'opium à Passepartout. Passepartout s'endort.

(Emotion : inquiétude forte","Mr Fogg, Passepartout, Fix et Aouda sont au port pour prendre un bateau pour le Japon Mais ils manquent le départ Passepartout rencontre l'inspecteur Fix Sur le port Fix dit : « Un vol a été commis à la banque d'Angleterre Par quelqu'un qui ressemble à Mr Fogg Mon maître est l'homme le plus honnête du monde » Fix met une pipe d'opium dans la main de Passepartout Passepartout dort","Hong-Kong. Phileas Fogg, Passepartout, Fix et Aouda sont sur le port. Ils veulent prendre un bateau pour le Japon. Mais ils sont trop tard. Passepartout voit l'inspecteur Fix. Fix dit : ""Un vol a été commis à la banque d'Angleterre. Un homme ressemblant à Fogg l'a fait."" Fix donne une pipe à opium à Passepartout. Passepartout dort."
19,"Comment Phileas Fogg a-t-il pu se tromper d'un jour ? En voyageant vers l'Est, il a vu le soleil se lever 80 fois alors que ses amis restés à Londres ne l'ont vu se lever que 79 fois. Peu importe ! En faisant son tour du monde en 80 jours Phileas Fogg a vécu de nombreuses aventures. Il a gagné son pari, mais il a surtout rencontré Aouda, sa charmante épouse, qui le rend le plus heureux des hommes. Ne ferait-on pas pour moins que cela le tour du monde ?",des aventures Il a gagné. Il est très heureux. le tour du monde Phileas Fogg a vécu beaucoup d'aventures. Il a gagné son pari. Il a rencontré Aouda. Il est très heureux. Il a bien fait de faire le tour du monde ! F I N,"Phileas Fogg se trompe un jour. Il voit le soleil 80 fois alors que ses amis restés à Londres ne l'ont vu que 79 fois. Il voyage pendant 80 jours. Il a gagné son pari, mais il a surtout rencontré Aouda, sa femme. Ne ferait-on pas le tour du monde avec Aouda ?","Phileas Fogg voyagé vers l'Est et vit le soleil lever 80 fois. Cela ne l'empêcha pas de gagner son pari. Il rencontra Aouda, sa belle épouse, et il est heureux comme un clochard. Qu'importe si cela a pris 80 jours ? Il vécut des aventures incroyables.","Phileas Fogg voyagé vers l'Est et vit le soleil lever 80 fois. Cela signifie qu'il a vu le soleil lever un jour de plus que ses amis à Londres. Cela ne compte pas ! Phileas Fogg a fait le tour du monde en 80 jours et a vécu de nombreuses aventures. Il a gagné son pari, mais il a surtout rencontré Aouda, sa belle épouse, qui le rend le plus heureux des hommes. N'importe quoi pour avoir Aouda !","Phileas Fogg a voyagé pendant 80 jours. Il a vu le soleil se lever 80 fois. Ses amis à Londres n'ont vu que 79 fois. Mais c'est pas important. Il a eu de grandes aventures. Il a gagné son pari. Mais surtout, il a rencontré Aouda, son épouse adorée. Pour moins que cela, il aurait fait le tour du monde.","Oui, Phileas Fogg a pu se tromper d'un jour. Mais ce n'est pas important. En voyageant vers l'Est, il a vu le soleil se lever 80 fois tandis que ses amis à Londres ne l'ont vue que 79 fois. Phileas Fogg a gagné son pari. Mais ce n'est pas ça qui compte. En voyageant autour du monde, il a rencontré Aouda, son amour de sa vie. Il est heureux. Pour moins que cela, il ferait le tour du monde à nouveau."
20,"– Monsieur de Peyrehorade nous dit à Jean Coll et moi de déraciner un vieil olivier qui était gelé. Jean Coll qui y allait de tout cœur, il donne un coup de pioche et j'entends bimm... Et voilà qu'il paraît une main noire, qui semblait la main d'un mort. Moi, la peur me prend. Je m'en vais à Monsieur et je lui dis : – Des morts, sous l'olivier ! Il vient et il s'écrie. Vous auriez cru qu'il avait trouvé un trésor. Et le voilà, avec la pioche, avec les mains, qui se démène.","« L'arbre était gelé. Monsieur de Peyrehorade a dit d'enlever l'arbre avec Jean. Jean a tapé sur quelque chose avec une pelle. Quand Jean a tapé, il y a eu un bruit. Une main noire sortait de la terre. J'avais très peur. Je vais voir Monsieur de Peyrehorade. Je dis à Monsieur de Peyrehorade que j'ai vu un mort. Monsieur de Peyrehorade est content. Il dit que c'est un trésor. Il creuse ».","« Jean de Peyrehorade nous dit de déraciner un vieil olivier. Il y a des morts sous l'olivier. J'ai peur. Je vais à Monsieur. Il dit : « Des morts, il y a un trésor ! »","– M. de Peyrehorade nous dit à moi et à Jean Coll de déraciner un vieux olivier gelé. Jean Coll va avec enthousiasme, il donne un coup de pioche et je entends bimm... Et voilà qu'apparaît une main noire, qui semble appartenir à un mort. Je suis effrayé. Je vais à M. de Peyrehorade et je lui dis : – Des morts, sous l'olivier ! Il vient et il s'écrie avec joie. Vous auriez cru qu'il avait trouvé un trésor. Et voilà, avec la pioche, avec ses mains, il travaille.","– M. de Peyrehorade nous dit à Jean et moi de retirer un vieux olivier gelé. Jean va avec enthousiasme, il donne un coup de pioche et je l'entends bimm... Et voilà qu'apparaît une main noire, qui semble appartenir à un mort. Je suis effrayé. Je vais à M. de Peyrehorade et je lui dis : – Des morts sous l'olivier ! Il vient et il s'écrie avec joie. Vous auriez cru qu'il avait trouvé de l'or. Et voilà, avec la pioche et ses mains, il travaille.","Jean Coll et moi, on est là. Il y a eu un arbre gelé. Monsieur de Peyrehorade dit : ""Prenez-en les racines."" Jean Coll est content. Il donne un coup de pioche. ""Bimm ..."" Puis, il voit une main noire. Lucas est effrayé. Il court dire à Monsieur : ""Des morts, sous l'olivier !"" Monsieur vient. Il est très excité. Il trouve quelque chose de bien spécial. Il travaille avec la pioche et ses mains. Jean Coll et moi, on les observons.","Jean Coll et moi, on est allés enlever un vieux olivier gelé. Jean Coll a donné un coup de pioche et j'ai entendu ""bimm"". Une main noire est apparue, comme la main d'un mort. Je suis devenu très effrayé. Je suis allé voir Monsieur de Peyrehorade et lui ai dit : ""Des morts, sous l'olivier !"" Il est venu et a parlé avec excitement. Il a dit que c'était comme si il avait trouvé un trésor. Il a commencé à creuser avec sa pioche et ses mains."
21,"Au milieu des allées et venues de ses parents, M. Alphonse de Peyrehorade ne bougeait pas. C'était un grand jeune homme de vingt-six ans, d'une physionomie belle et régulière, mais manquant d'expression. Sa taille et ses formes athlétiques justifiaient bien la réputation d'infatigable joueur de paume qu'on lui faisait dans le pays. Il était ce soir-là habillé avec élégance. Mais il me semblait gêné dans ses vêtements. Ses mains grosses et hâlées contrastaient singulièrement avec son costume. Il ne m'adressa qu'une seule fois la parole dans toute la soirée, ce fut pour me demander où j'avais acheté la chaîne de ma montre.",Monsieur et Madame de Peyrehorade sont agités. Alphonse est le fils de Monsieur et Madame de Peyrehorade. Alphonse ne bouge pas Alphonse est jeune. Il est beau. Il est musclé. Il est bien habillé. Mais Alphonse est mal à l'aise. Ses mains sont moches. Alphonse ne parle pas beaucoup.,Alphonse de Peyrehorade ne bouge pas. Il est grand et beau. Il a une belle figure. Il n'est pas gêné dans ses vêtements. Ses mains sont grosses et hâlées. Il ne m'a pas parlé pendant toute la soirée. Il me demande où j'avais acheté la chaîne de ma montre.,"Un jeune homme de vingt-six ans, nommé Alphonse de Peyrehorade, restait immobile au milieu de la maison. Il était beau et régulier, mais son visage manquait d'expression. Il était connu pour être un joueur infatigable de paume. Cette nuit-là, il était habillé élégamment, mais il semblait gêné dans ses vêtements. Ses mains grosses et rugueuses étaient en contraste avec son costume. Il ne me parla qu'une seule fois toute la soirée, pour me demander où j'avais acheté ma chaîne de montre.","Grand jeune homme de 26 ans, M. Alphonse de Peyrehorade ne bougeait pas. Il était beau et régulier, mais sans expression. Sa taille et sa physique athlétique justifiaient bien sa réputation d'infatigable joueur de paume. Cette soirée, il était habillé élégamment. Mais ses mains grosses et rugueuses semblaient gêner sa tenue. Il ne m'a parlé qu'une seule fois, pour me demander où j'avais acheté ma chaîne de montre.","M. de Peyrehorade est un jeune homme de vingt-six ans. Il est bel et régulier, mais il manque d'expression. Il est athlétique et il joue de la paume. Ce soir, il est habillé élegamment. Mais il me semble que ses vêtements lui font du mal. Ses mains sont grosses et hâlées. Il ne m'a parlé qu'une seule fois, pour me demander où j'ai acheté ma chaîne de montre.","M. Alphonse ne bougeait pas. Il était un jeune homme de vingt-six ans, bel et régulier, mais sans expression. Il justifiait sa réputation d'infatigable joueur de paume. Ce soir, il était habillé élegamment, mais il me semblait gêné dans ses vêtements. Ses mains grosses et hâlées contrastaient avec son costume. Il m'a parlé une seule fois : pour me demander où j'avais acheté ma chaîne de montre."
22,"– Samedi, les jeunes gens mariés, je suis libre, nous nous mettons en course. Je vous réserve une fière surprise pour demain. – Je crois deviner la surprise que vous me préparez, lui dis-je. Mais si c'est de votre statue qu'il s'agit, la description que mon guide m'en a faite n'a servi qu'à exciter ma curiosité. – Demain, au grand jour, vous la verrez, et vous me direz si j'ai raison de la croire un chef-d'œuvre. Je suis bien curieux de savoir comment vous traduirez cette inscription sur le socle : CAVE… Mais je ne veux rien vous demander encore ! À demain, à demain ! Pas un mot sur la Vénus aujourd'hui !","« Samedi les deux jeunes seront mariés. Demain je vous montre une surprise » « Si la surprise c'est la statue, je suis content. Le guide m'a parlé de la statue. » « Demain vous verrez la statue le jour. Vous me direz si vous la trouvez très belle. Moi je la trouve très belle. La statue est posée sur un bloc de pierre. Sur le bloc de pierre, il y a des écritures. Vous me direz demain ce que veulent dire les écritures ».",« Je vous promets une surprise pour demain. » « Je ne sais pas si c'est de votre statue qu'il s'agit. Mon guide m'a dit que c'était un chef-d'œuvre. Je suis curieux de savoir comment vous traduiriez cette inscription sur le socle. Mais je ne veux rien vous demander encore. »,"Samedi, nous allons courir ensemble, moi qui suis célibataire. Je vous réserve une belle surprise pour demain. Tu penses peut-être que tu sais quoi je prépare, dis-je à eux. Mais si c'est votre statue que tu parles, la description que mon guide m'a donnée m'a fait vraiment souhaiter de voir plus. Demain, tu verras, et tu me diras si je suis correcte. Je suis vraiment impatiente de savoir comment cette inscription sur le socle se lit : CAVE... Mais je ne veux rien te dire encore ! Demain, demain ! Pas un mot sur la Vénus aujourd'hui ! (Joie, forte)","Samedi, nous allons en course, moi et mes jeunes mariés. Je vous réserve une belle surprise demain. Je pense que je devine ce que vous m'attendez, dis-je. Mais si c'est votre statue que vous m'en parlez, la description que mon guide m'a faite m'a fait curieux. Demain, vous verrez, et vous me diraurez si je suis juste. Je suis curieux de savoir ce que dit l'inscription sur le socle : CAVE... Mais je ne veux rien vous demander encore ! À demain, à demain ! Pas de parole sur la Vénus aujourd'hui ! (Curieux = curieux, belle surprise = belle surprise, curieux de savoir = curieux de savoir, demain = demain, juste = juste, curieux = curieux, parole = parole)","Samedi, les jeunes gens mariés : « Nous allons faire une surprise pour demain. » Lucas pense savoir ce qu'est cette surprise : une statue. Mais il est très curieux de savoir comment on traduira cette inscription : CAVE... Mais il ne veut rien dire aujourd'hui !","Samedi, j'ai dit à ma femme : « Je peux aller en course. Mais je ne vous dirai rien. Vous allez voir une surprise demain. Mais si c'est ma statue, vous allez me dire si c'est bien belle. Mais je ne veux pas vous dire qu'il y a une inscription sur le socle : CAVE... Mais demain, vous allez le voir ! »"
23,"Le souper finit. J'étais fatigué. Mme de Peyrehorade s'en aperçut et remarqua qu'il était temps d'aller dormir. Je montai enfin à la chambre qui m'était destinée, accompagné de M. de Peyrehorade. L'escalier, dont les marches étaient en bois, aboutissait au milieu d'un corridor, sur lequel donnaient plusieurs chambres. – À droite, me dit mon hôte, c'est l'appartement que je destine à la future Mme Alphonse. Votre chambre est au bout du corridor opposé. Nous entrâmes dans une chambre bien meublée, avec un lit long et si haut qu'il fallait un escabeau. Mon hôte, m'ayant indiqué la position de la sonnette, me souhaita une bonne nuit et me laissa seul.",Je suis fatigué. « Vous êtes fatigué. Allez dormir. » Je monte dans ma chambre avec M de Peyrehorade. Il y a un escalier. L'escalier va à plusieurs chambres. « À droite c'est la chambre de la future femme d'Alphonse. Votre chambre est loin à gauche. » La chambre est grande. Dans la chambre il y a un grand lit. M de Peyrehorade me montre la sonnette pour appeler si j'ai besoin de quelque chose. « Bonne nuit ! »,J'étais fatigué. Mme de Peyrehorade me dit qu'il est temps de dormir. Je monte dans la chambre. Il y a un escalier. Je vois une grande chambre avec un lit long et un escabeau. Mon hôte me dit de dormir dans cette chambre.,"Dîner terminé. Je suis fatigué. Madame de Peyrehorade s'est aperçue et a remarqué que c'était temps de dormir. Je monte enfin dans ma chambre, accompagné de M. de Peyrehorade. L'escalier, avec ses marches en bois, mène au milieu d'un couloir, sur lequel ouvrent plusieurs chambres. – À droite, mon hôte m'a dit, c'est l'appartement destiné à Madame Alphonse. Ma chambre est au bout du couloir opposé. Nous entrons dans une chambre bien meublée, avec un lit long et si haut qu'il faut un étagère. Mon hôte m'a indiqué la position de la sonnette et m'a souhaité une bonne nuit avant de me laisser seul.","Dîner terminé, j'étais fatigué. Madame de Peyrehorade a remarqué et a dit que c'était temps de dormir. Enfin, j'ai monté dans ma chambre, accompagné de M. de Peyrehorade. L'escalier, avec des marches en bois, aboutissait au milieu d'un couloir, sur lequel ouvraient plusieurs chambres. – À droite, mon hôte m'a dit, c'est l'appartement destiné à Madame Alphonse. Ma chambre est au bout du couloir opposé. Nous sommes entrés dans une chambre bien meublée, avec un lit long et si haut qu'il fallait un échelle. Mon hôte m'a indiqué la position de la sonnette et m'a souhaité une bonne nuit avant de m'abandonner seul.","Le dîner est fini. Je suis très fatigué. Madame de Peyrehorade voit ça et dit que c'est temps de aller dormir. Je monte dans ma chambre. L'escalier a des marches en bois qui mène à un corridor. Mon hôte me dit : ""Cette chambre est pour toi. Mais la future Mme Alphonse aura une autre."" Ma chambre est au bout du corridor. Nous entrons dans une chambre bien meublée avec un lit très grand. Mon hôte me montre la sonnette et me dit ""Bonne nuit"" puis il me laisse seul.",Le dîner est fini. Je suis très fatigué. Mme de Peyrehorade voit ça et dit que c'est temps de aller dormir. Je monte à ma chambre. L'escalier a des marches en bois qui mène à un corridor. Mon hôte me dit que la chambre à droite est pour moi et la chambre à gauche pour la future Mme Alphonse. Ma chambre est au bout du corridor. Nous entrons dans une chambre bien meublée avec un lit très grand. Mon hôte me montre où est la sonnette et me souhaite une bonne nuit. Je suis seul dans ma chambre.
24,"Ils s'arrêtèrent pour regarder la statue ; un d'eux l'apostropha même à haute voix. – Te voilà donc, coquine ! Te voilà ! Disait-il. C'est donc toi qui as cassé la jambe à Jean Coll ! Si tu étais à moi, je te casserais le cou. – Bah !, avec quoi ? dit l'autre. Elle est de cuivre, et si dure qu'Étienne a cassé sa lime dessus, essayant de l'entamer. C'est plus dur que je ne sais quoi. – Si j'avais mon ciseau à froid je lui ferais bientôt sauter ses grands yeux blancs, comme je tirerais une amande de sa coquille. Il y a pour plus de cent sous d'argent. Ils firent quelques pas en s'éloignant.","« Tu es là coquine ! C'est toi qui as cassé la jambe de Jean. Si tu étais à moi, je te casserai le cou » « Tu lui casserais le cou avec quoi ? Un garçon a essayé de casser la statue avec un outil. Mais la statue est très dure. La statue a cassé l'outil. » « Si j'avais mes outils, j'enlèverai les grands yeux blancs de la statue. Je gagnerais beaucoup d'argent si je vends les yeux de la statue. » Les garçons partent.","« Tu as cassé la jambe à Jean Coll ! Si tu étais à moi, je te casserais le cou. » Étienne a cassé sa lime. « C'est plus dur que je ne sais quoi. Si j'avais mon ciseau, je tirerais une amande de sa coquille. » Ils s'arrêtent pour regarder la statue.","Regarder la statue, un d'entre eux l'appela même fort. – Voilà donc toi, coquine ! Voilà ! Il disait. C'est toi qui as cassé la jambe à Jean Coll ! Si tu était avec moi, je te frapperais. – Bah !, avec quoi ? dit l'autre. Elle est de cuivre et très dure. Étienne a même brisé sa lame sur elle, en l'essayant de l'attaquer. – Si j'avais mon couteau, je ferais bientôt sauter ses grands yeux blancs, comme je sortirais une amande de sa coquille. Il y a cent sous d'argent. Ils se sont éloignés quelques pas.","Regardent la statue ; un d'entre eux l'appelle même fort. – Voilà donc toi, coquine ! Voilà ! dit-il. C'est toi qui as cassé la jambe à Jean Coll ! Si tu était avec moi, je te frapperais. – Bah !, avec quoi ? dit l'autre. La statue est de cuivre et est très dure. Étienne a essayé de la marquer avec son ciseau, mais elle est plus dure que je ne sais quoi. – Si j'avais mon ciseau à froid, je lui ferais bientôt sauter ses grands yeux blancs, comme je tirerais une amande de sa coquille. Il y a pour plus de cent sous d'argent. Ils se retirent quelques pas.","Un d'eux regarde la statue. Il parle à la statue. Il dit : ""Tu es une coquine ! Tu as cassé la jambe à Jean Coll ! Si j'étais toi, je te casserais le cou."" L'autre dit : ""Bah ! avec quoi ?"" La statue est faite de cuivre. Elle est très dure. Il pouvait enlever les yeux blancs de la statue avec son ciseau. Il y a beaucoup d'argent caché dans la statue. Ils marchent un peu loin.","Un d'eux regarde la statue : « Eh oui, c'est toi qui as cassé la jambe à Jean Coll ! Si tu étais moi, je te casserais le cou. » L'autre dit : « Bah ! avec quoi ? » La statue est en cuivre, très dure. Il y a beaucoup d'argent caché dedans. Il dit aussi que si lui avait son ciseau, il ferait sauter les yeux blancs de la statue."
25,"– Il faut que je souhaite le bonsoir à l'idole, dit le plus grand des apprentis, s'arrêtant tout à coup. Il se baissa, et probablement ramassa une pierre. Je le vis déployer le bras, lancer quelque chose, et aussitôt un coup sonore retentit sur le bronze. Au même instant l'apprenti porta la main à sa tête en poussant un cri de douleur. – Elle me l'a rejetée ! s'écria-t-il. Et mes deux polissons prirent la fuite à toutes jambes. Il était évident que la pierre avait rebondi sur le métal, et avait puni ce drôle. Je fermai la fenêtre en riant de bon cœur. – Encore un Vandale puni par Vénus ! Je m'endormis.",« Je dois dire bonsoir à la statue ». Le garçon s'arrête. Le garçon se baisse. Il prend une pierre. Il jette la pierre sur la statue. On entend un grand bruit. Un garçon met sa main sur sa tête. Le garçon a mal. « La statue m'a rejeté la pierre ! » Les deux garçons partent en courant. La pierre a rebondi sur la statue. C'est bien fait pour eux. La statue a puni les deux garçons. Je m'endors.,« Je veux dire bonjour à l'idole. » L'apprenti s'arrête. Il lance une pierre. La pierre tombe sur le métal. Il pleure. Il s'endort.,"Bonsoir, j'ai voulu dire bonsoir à mon idole, dit l'élève le plus grand, mais il s'arrêta brusquement. Il se pencha et probablement ramassa une pierre. Puis il lance quelque chose et un bruit retentit sur le bronze. Au même moment, l'élève se mit la main à la tête et poussa un cri de douleur. – Elle m'a rejetée ! s'écria-t-il. Et mes deux compagnons de classe s'enfuirent. Il était clair que la pierre avait rebondi sur le métal et avait puni cet élève. Je fermai la fenêtre en riant. – Un autre élève puni par Vénus ! Je me coucheai.","Bonsoir, je veux dire bonsoir à ma célébrité, dit le plus grand des apprentis, s'arrêtant brusquement. Il se pencha et probablement ramassa une pierre. Puis il lance quelque chose et un bruit retentit sur le bronze. Au même moment, l'apprenti se mit la main à la tête et poussa un cri de douleur. – Elle m'a rejetée ! s'écria-t-il. Et mes deux compagnons s'enfuirent. Il était clair que la pierre avait rebondi sur le métal et avait puni ce drôle. Je fermai la fenêtre en riant. – Un autre vandale puni par Vénus ! Je me couche.","Le plus grand des apprentis dit bonsoir à l'idole. Soudain, il ramasse une pierre et lance quelque chose. Un coup de sonneur retentit sur le bronze. L'apprenti est en douleur, il crie : « Elle me l'a rejetée ! » Ses amis fuient en courant. Je rit en fermais la fenêtre : « Un Vandale puni par Vénus ! » Je m'endors.","Le plus grand des apprentis dit bonsoir à l'idole. Il arrête brusquement, baisse la tête et ramasse une pierre. Il lance cette pierre et un bruit retentit sur le bronze. L'apprenti met la main à sa tête en criant de douleur. Il dit : « Elle m'a rejetée ! » Et mes deux amis prennent la fuite. Je rire de ce drôle. Je fermai la fenêtre en disant : « Encore un Vandale puni par Vénus ! » Je m'endormis."
26,"En cinq minutes je fus prêt, c'est-à-dire à moitié rasé, mal boutonné, et brûlé par le chocolat que j'avalai bouillant. Je descendis dans le jardin, et me trouvai devant une admirable statue. C'était bien une Vénus et d'une merveilleuse beauté. Elle avait le haut du corps nu ; la main droite, levée à la hauteur du sein, était tournée. L'autre main, rapprochée de la hanche, soutenait la draperie qui couvrait la partie inférieure du corps.",Je me prépare vite. Je descends dans le jardin. Dans le jardin je vois une belle statue. La statue est très jolie. La statue a les seins nus. La statue a la main droite levée. La main gauche de la statue tient le tissu qui couvre le bas. Le corps de la statue est parfait.,"En cinq minutes, je suis prêt. Je vois une statue. La statue est très belle. La main de la femme est tournée vers le haut du corps. L'autre main soutenait la draperie.","Je suis prêt en cinq minutes, c'est-à-dire que je n'étais pas complètement rasé, pas tout à fait bien boutonné, et brûlé par le chocolat bouillant que j'ai mangé. J'ai descendu dans le jardin et j'ai trouvé devant moi une statue magnifique. C'était bien une statue de Vénus et d'une beauté merveilleuse. Elle avait le haut du corps nu ; la main droite, levée à la hauteur du sein, était tournée. L'autre main, près de la hanche, soutenait la draperie qui couvrait la partie inférieure du corps.","Je suis prêt en cinq minutes, c'était demi rasé, mal boutonné et brûlé par du chocolat bouillant que j'ai mangé. J'ai descendu dans le jardin et j'ai trouvé une statue magnifique. C'était bien une Vénus et d'une beauté merveilleuse. Elle avait le haut du corps nu ; la main droite était levée au niveau du sein et tournée. L'autre main était près de la hanche et soutenait la draperie qui couvrait la partie inférieure du corps. J'étais étonné et ému devant cette statue si belle.",Je suis prêt en cinq minutes. Mais je n'étais pas parfaitement prêt. Je n'étais pas tout à fait rasé. Je n'avais pas bien boutonné mon manteau. Et j'avais brûlé la bouche avec du chocolat trop chaud. Je descends dans mon jardin. Je vois une statue. C'est une Vénus. Elle est très belle. Elle a le corps nu. Elle tient une draperie qui couvre sa partie inférieure.,J'entrais dans mon jardin. Je vois une statue très belle. C'est une Vénus. Elle a le corps nu. Elle tient son bras droit au-dessus de son sein. Son autre bras est près de son hanche. Je suis presque prêt. Mais je suis en cinq minutes. Je suis pas tout à fait rasé. Je n'ai pas bien boutonné mon manteau. Et le chocolat brûle ma gorge.
27,"– Humph ! dit M. de Peyrehorade, Oui, c'est un sens admirable ; mais je préfère la première traduction – C'est une terrible langue que le latin », observai-je. Et je reculai de quelques pas afin de mieux contempler la statue. – Un instant, dit monsieur de Peyrehorade, il y a encore une autre inscription. Montez sur le socle et regardez au bras droit."" Je m'accrochai au cou de la Vénus. Je lus donc. – Ce qui veut dire, me demanda mon hôte souriant avec malice ? – TURBUL m'embarrasse fort. – Voyons, que diriez-vous de TVRBVLENTA ? Vénus qui trouble, qui agite… Vous vous apercevez que je suis toujours préoccupé de son expression méchante ».","« Oui ! C'est un beau sens. Mais sans vous embêter, je préfère la première traduction ». « Le latin est une langue ancienne. Le latin est difficile. » Je recule pour voir la statue. « Regardez, il y a une autre écriture au bras droit ». Je vais regarder. Sur le bras, je vois une écriture ancienne. Je la lis. « Ça veut dire quoi ? » Monsieur de Peyrehorade s'amuse. « Je réfléchis à son air méchant. Ça veut dire : femme agitée ! »",« Humph ! Il y a une autre inscription. Montez sur le socle et regardez la statue. Je m'accroche au cou de la Vénus. » « Que diriez-vous de TVRBVLENTA ? Il m'embarrasse fort. »,"Voyons, c'est un beau sens, dit M. de Peyrehorade, mais je préfère la première traduction. Non, c'est une langue difficile, pensai-je. Puis je reculai pour mieux voir la statue.

Attention, dit M. de Peyrehorade, il y a encore une autre inscription. Montez sur le socle et regardez au bras droit. J'agrippai à la statue de Vénus. J'y lus.

Qu'est-ce que cela signifie, me demanda mon hôte avec un sourire malin ? - TURBUL m'embarrasse fort. - Regardez, que diriez-vous de TVRBVLENTA ? Vénus qui trouble, qui agite... Vous voyez que je suis toujours préoccupé de son expression méchante.","Voyons, M. de Peyrehorade, c'est vraiment magnifique ! Mais je préfère la première traduction. Ah oui, il y a encore une autre inscription. Montez sur le socle et regardez au bras droit. Alors, je lis : TURBUL m'embarrasse fort. Qu'est-ce que cela veut dire ? Voyons, que diriez-vous de TVRBVLENTA ? Vénus qui trouble, qui agite... Vous voyez bien que je suis toujours préoccupé de son expression méchante.","M. de Peyrehorade dit : « Je préfère cette traduction : ""C'est une langue difficile à apprendre"" ». Je lis une autre inscription : ""Vénus me trouble"". Mon hôte sourit : ""Que pensez-vous de 'TVRBVLENTA' ? Vénus qui trouble, qui agite... Vous voyez que je suis toujours préoccupé par son expression méchante"".",M. de Peyrehorade dit : « Je préfère la traduction première. » Lucas regarde la statue. Il lit : « Vénus me trouble. » Son hôte sourit. Il demande : « Que pensez-vous de TURBULENTA ? » Vénus fait du bruit. Lucas est étranglé par la statue.
28,"– Avez-vous appris quelque chose de Mme Alphonse ? demandai-je au procureur. – Cette malheureuse jeune personne est devenue folle, me dit-il. Voici ce qu'elle conte : elle était couchée, dit-elle, lorsque la porte de sa chambre s'ouvrit, et quelqu'un entra. Alors Mme Alphonse était dans la ruelle du lit. Elle ne fit pas un mouvement, persuadée que c'était son mari. Au bout d'un instant, le lit cria comme s'il était chargé d'un poids énorme. Elle eut grand peur, mais n'osa pas tourner la tête. Cinq minutes, dix minutes peut-être… elle ne peut se rendre compte du temps… se passèrent de la sorte.",Je parle avec la police. « La mariée vous a dit quelque chose ? » « Cette jeune personne est devenue folle ! Elle m'a raconté ce qu'elle a vu. » « Je me suis couchée dans la chambre. La porte de la chambre s'ouvre. Quelqu'un entre dans la chambre. Je ne bouge pas. Je pense que la personne est Alphonse. Le lit fait beaucoup de bruit. Le lit fait du bruit comme si une personne énorme était dessus. J'ai très peur. Je ne regarde pas. »,« Avez-vous appris quelque chose de Mme Alphonse ? »,"Vous avez-vous appris quelque chose de Mme Alphonse ? Demande-moi le procureur. – C'est une jeune femme malheureuse qui est devenue folle, me dit-il. Voici ce qu'elle raconte : elle dormait dans sa chambre, dit-elle, lorsque la porte s'ouvrit, et quelqu'un entra. Alors Mme Alphonse était dans le lit. Elle ne bougea pas, persuadée que c'était son mari. Puis le lit criait comme s'il était chargé d'un poids très lourd. Elle eut beaucoup de peur, mais ne se mit pas à tourner la tête. Cinq minutes, dix minutes peut-être… elle ne peut se rendre compte du temps… passèrent de cette façon.","Tu as-tu appris quelque chose de Mme Alphonse ? Demande-moi le procureur. – C'est une jeune femme malheureuse qui est devenue folle, me dit-il. Voici ce qu'elle raconte : elle dormait dans sa chambre, dit-elle, lorsque la porte s'ouvrit, et quelqu'un entra. Alors Mme Alphonse était dans le lit. Elle ne bougea pas, persuadée que c'était son mari. Puis le lit criait comme s'il était chargé d'un poids très lourd. Elle eut beaucoup de peur, mais ne se mit pas à tourner la tête. Cinq minutes, dix minutes peut-être… elle ne sait pas combien de temps s'est passé… se passèrent de la sorte.","Puis, brusquement, la porte s'est ouverte et quelqu'un est entré. ""Avez-vous appris quelque chose de Mme Alphonse ?"" demande le procureur. ""Cette jeune femme est devenue folle,"" lui dit-il. Elle raconte : ""J'étais couchée lorsque la porte de ma chambre s'est ouverte et quelqu'un est entré. Alors, Mme Alphonse était dans la ruelle du lit. Je n'ai pas bougé, croyant que c'était mon mari. Puis, le lit a crié comme s'il était chargé d'un poids énorme. J'ai eu très peur, mais je n'ai pas osé tourner la tête. Des minutes se sont passées comme ça. Puis, brusquement, la porte s'est ouverte et quelqu'un est entré.""","Puis, soudain, le lit cria à nouveau. « Avez-vous appris quelque chose de Mme Alphonse ? » demande le procureur. Il dit : « Cette jeune femme est devenu folle. » Elle raconte : « J'étais couchée dans mon lit. La porte s'est ouverte. Quelqu'un est entré. Je n'ai pas bougé, je pensais que c'était mon mari. Puis le lit a crié. Je suis restée à genoux, très effrayée, je n'osais pas regarder. Quelque temps s'est passé, puis le lit a crié à nouveau. »"
29,"Quelques heures après les funérailles de M. Alphonse, je me disposai à quitter llle. La voiture de M. de Peyrehorade devait me conduire à Perpignan. Malgré son état de faiblesse, le pauvre vieillard voulut m'accompagner jusqu'à la porte de son jardin. Nous le traversâmes en silence. Au moment de nous séparer, je jetai un dernier regard sur la Vénus. M. de Peyrehorade tourna machinalement la tête du côté où il me voyait regarder fixement. Il aperçut la statue et aussitôt fondit en larmes. Je l'embrassai, et, sans oser lui dire un seul mot, je montai dans la voiture.",C'est l'enterrement d'Alphonse. Je m'en vais. Je marche avec M. de Peyrehorade. Monsieur de Peyrehorade regarde la statue Monsieur de Peyrehorade se met à pleurer. J'embrasse Monsieur de Peyrehorade. Je pars.,"Quelques heures après les funérailles, je vais à Perpignan. Le vieillard m'accompagne. Je regarde la statue. Je pleure. Je monte dans la voiture.","Après les funérailles de M. Alphonse, je préparais à partir. M. de Peyrehorade m'accompagnerait jusqu'à sa maison. Malgré son état, il voulait me conduire jusqu'à la porte de son jardin. Nous traversâmes le jardin en silence. Quand nous allions nous séparer, je regardai une dernière fois vers la statue de Vénus. M. de Peyrehorade tourna la tête vers la statue et commença à pleurer. Je l'embrassai et montai dans la voiture sans dire un mot.","Après la mort de M. Alphonse, je suis prêt à partir. M. de Peyrehorade m'accompagnera jusqu'à la porte de son jardin. Malgré sa faiblesse, il veut me suivre. Nous passons en silence. Quand nous nous séparons, je regarde une dernière fois vers la statue de Vénus. M. de Peyrehorade tourne la tête vers la statue et pleure. Je l'embrasse et monte dans la voiture sans dire un mot.","Quelques heures après les funérailles de M. Alphonse, je vais quitter Ille. M. de Peyrehorade m'emmène jusqu'à son jardin. Il est très faible, mais il veut m'accompagner jusqu'à la porte du jardin. Nous traversons le jardin en silence. Quand je pars, je regarde la statue de Vénus. M. de Peyrehorade voit que je regarde la statue. Il pleure tout de suite. Je lui embrasse le visage. Je monte dans la voiture. Sans oser parler, je m'en vais.","Quelques heures après les funérailles de M. Alphonse, je vais quitter Illé. M. de Peyrehorade m'emmène jusqu'à son jardin. Il est très faible, mais il veut m'accompagner jusqu'à la porte du jardin. Nous passons en silence. Quand je pars, je regarde la statue de Vénus. M. de Peyrehorade voit que je regarde la statue. Il pleure tout de suite. Je lui embrasse le visage. Je monte dans la voiture. Sans oser parler, je m'en vais."
30,"On fait, à New York, les préparatifs d'une expédition. Le commandant Farragut presse activement l'armement de sa frégate « l'Abraham-Lincoln » Trois heures avant que « l'Abrahm-Lincoln » ne quitte le port de Brooklyn, Pierre Aronnax, professeur au muséum de Paris reçoit une lettre : « Si vous voulez vous joindre à l'expédition de « l'Abraham-Lincoln », le commandant Farragut tient une cabine à votre disposition. »",Le commandant Farragut est américain. Le commandant Farragut a un bateau. Pierre Aronnax est : • français • professeur dans un musée • journaliste Le commandant invite Pierre Aronnax pour chasser la chose bizarre.,"Pierre, professeur au muséum, prépare une expédition. Le commandant Farragut prépare une frégate pour l'expédition de « l'Abraham-Lincoln ». Pierre écrit au commandant : « Si vous voulez nous rejoindre, le commandant tient une cabine à votre disposition. »","Prêparations en cours à New York pour une expédition. Le commandant Farragut pousse vivement l'armement de son navire, la frégate ""Abraham-Lincoln"". Trois heures avant que le ""Abraham-Lincoln"" ne quitte le port de Brooklyn, le professeur Pierre Aronnax de Paris reçoit une lettre : ""Si vous souhaitez vous joindre à l'expédition de l'""Abraham-Lincoln"", le commandant Farragut vous offre une cabine."" (Joie forte)","Préparations en cours à New York pour une expédition. Le commandant Farragut insiste sur l'armement de sa frégate, l'« Abraham-Lincoln ». Trois heures avant que l'« Abraham-Lincoln » ne quitte le port de Brooklyn, Pierre Aronnax, professeur au muséum de Paris, reçoit une lettre : « Si vous voulez aller avec l'expédition de l'« Abraham-Lincoln », le commandant Farragut vous offre une cabine. »

(Emotion : Excitement, intensity : forte)","À New York, on prépare un voyage. On armе une frégate appelée l'« Abraham-Lincoln ». Le commandant Farragut fait tout vite. Pierre Aronnax, professeur au muséum de Paris, reçoit une lettre : le commandant Farragut dit à Pierre : « Si tu veux partir avec nous, nous t'offrons une cabine. »","À New York, on prépare un voyage. Un officier, Farragut, prépare sa grande frégate, l'« Abraham-Lincoln ». Trois heures avant de partir, on reçoit une lettre de Paris : « Voulez-vous vous joindre à ce voyage ? On vous laisse une cabine sur le bateau. »"
31,"Pierre Arronax passe ensuite dans un salon immense et splendidement éclairé. Une main intelligente et prodigue y a réuni tous les trésors de la nature et de l'art. Une trentaine de tableaux de maîtres ornent les parois tendues de tapisseries. Auprès des œuvres d'art, les raretés naturelles tiennent une place très importante. Elles consistent principalement en plantes, en coquilles et autres productions de l'océan. Pierre Arronax voit là, une collection d'une valeur inestimable.","Le capitaine Nemo montre ensuite son salon Dans le salon du capitaine Nemo, il y a : • des tableaux • des coquillages et des coraux • des mollusques et des étoiles de mer. Le salon du capitaine Nemo ressemble à un musée.",Pierre arrive dans un grand salon. Il y a beaucoup d'objets de la nature et de l'art. Des tableaux de maîtres et des œuvres d'art sont dans le salon. Pierre voit une collection de plantes et de coquilles.,"Pierre Arronax entre dans une grande pièce lumineuse. Il y a des tableaux de grands artistes et des tapisseries. Il y a aussi des raretés naturelles, comme des plantes, des coquilles et d'autres choses de la mer. C'est une collection très précieuse. Pierre Arronax est très impressionné.","Pierre Arronax entre dans une grande et lumineuse pièce. Il y a des tableaux de grands artistes et des tapisseries sur les murs. Il y a aussi des rares plantes, coquilles et autres objets de la mer. C'est une collection très précieuse. Pierre Arronax est étonné.","Il est dans un vaste salon éclairé. On y voit des tableaux de maîtres et des tapisseries. Les raretés naturelles sont présentes : plantes, coquilles, productions de l'océan. Ce sont des trésors inestimables.","Il est dans un vaste salon éclairé. C'est une maison riche. On y voit des tableaux de maîtres et des tapisseries. Mais ce qui frappe le héros, c'est la grande collection de raretés naturelles : plantes, coquilles, produits de mer. C'est un trésor inestimable."
32,"Pendant plusieurs jours, le Nautilus flotte dans des ondes brillantes. Pierre Aronnax admire les gros animaux marins. Il voit des marsouins élégants et rapides et des poissons scies longs de 3 mètres. C'est un éblouissant spectacle ! Le 19 janvier, le capitaine Nemo ouvre la porte du salon : « Etes-vous médecin, monsieur Aronnax ? – En effet, je suis docteur. » Le capitaine Nemo conduit Pierre Aronnax dans une cabine. Là, sur un lit, repose un homme blessé. Le crâne fracassé montre la cervelle à nu. « Cet homme sera mort dans 2 heures. »","Le 16 janvier, Pierre, Ned, Conseil et le capitaine Nemo voient des marsouins et des poissons scies. Le 19 janvier, le capitaine Nemo est triste car un de ses amis est blessé. Pierre est médecin, alors il va soigner l'ami du capitaine. « La blessure est très grave. Je suis désolé, votre ami va mourir. »","Pendant plusieurs jours, le Nautilus flotte dans des ondes brillantes. Pierre voit des marsouins et des poissons scies longs de 3 mètres. Le capitaine Nemo dit à Pierre : « Etes-vous médecin, monsieur Aronnax ? »","Le Nautilus glisse sur des ondes lumineuses. Pierre Aronnax admire des animaux marins. Il voit des marsouins gracieux et rapides et des poissons scies longs de trois mètres. C'est un spectacle magnifique ! Le 19 janvier, le capitaine Nemo ouvre la porte du salon : ""Es-tu médecin, monsieur Aronnax ? - Oui, je suis."" Le capitaine Nemo mène Pierre Aronnax dans une chambre. Là, sur un lit, dort un homme blessé. Sa tête cassée montre le cerveau à nu. ""Cet homme mourra dans deux heures.""","Le Nautilus glisse sur des ondes lumineuses. Pierre Aronnax regarde des animaux marins magnifiques. Il voit des dauphins élégants et rapides et des poissons scies longs de 3 mètres. C'est un spectacle éblouissant ! Le 19 janvier, le capitaine Nemo ouvre la porte du salon : ""Es-tu médecin, monsieur Aronnax ? - Oui, je suis docteur."" Le capitaine Nemo mène Pierre Aronnax dans une chambre. Là, sur un lit, dort un homme blessé. Sa tête brisée montre son cerveau nu. ""Cet homme mourra dans 2 heures.""","Le Nautilus flotte dans de la lumière. C'est un beau spectacle. Pierre Aronnax voit des animaux marins : des marsouins et des poissons scies. Le 19 janvier, le capitaine Nemo arrive avec un homme blessé. Ce dernier a un cerveau à nu, il mourra bientôt.","Le Nautilus flotte dans la lumière. Pierre Aronnax voit des animaux marins : des marsouins et des poissons scies. C'est un spectacle magnifique ! An 19 janvier, le capitaine Nemo ouvre la porte du salon. Il demande à Pierre Aronnax : ""Étes-vous médecin ?"" Pierre Aronnax répond : ""Oui, je suis docteur."" Le capitaine Nemo montre à Pierre Aronnax un homme blessé sur un lit. L'homme a un cerveau à nu. Le capitaine Nemo dit : ""Cet homme mourra dans 2 heures."""
33,"Le lendemain, accompagnés de Nemo et d'une douzaine d'hommes d'équipage, Pierre Aronnax, Ned Land et Conseil prennent pied à une profondeur de 10 mètres sur le sol ferme où repose le Nautilus. C'est le royaume du corail, ces forêts pétrifiées que la nature a planté au fond des mers. Au milieu d'une clairière, se dresse une croix en corail. Un homme commence à creuser un trou au pied de la croix. Cette clairière est un cimetière. Le capitaine Nemo et ses hommes enterrent leur compagnon au fond de l'océan. Le capitaine et ses hommes recouvrent la tombe. Ils s'agenouillent et étendent leur main en signe de suprême adieu.","L'ami du capitaine Nemo est mort. Pierre, Conseil, Ned, le capitaine Nemo et des marins descendent au fond de l'océan. Ils voient : • une magnifique barrière de corail. • une croix en corail. Ils creusent un grand trou à côté de la croix pour enterrer l'ami du capitaine Nemo.","Le lendemain, Pierre, Ned et Conseil arrivent au fond de l'océan. Il y a une croix en corail. Un homme creuse un trou au pied de la croix. Le capitaine Nemo et ses hommes enterrent leur compagnon. Ils s'agenouillent et lui disent un dernier adieu.","Le lendemain, accompagné de Nemo et d'une douzaine d'hommes, Pierre, Ned et Conseil marchent sur une terre ferme à 10 mètres sous la mer, où reposait le Nautilus. C'était le royaume du corail, les forêts pétries que la nature avait plantées au fond des mers. Au milieu d'une clairière, se dressait une croix de corail. Un homme commençait à creuser un trou au pied de la croix. Cette clairière était un cimetière. Le capitaine Nemo et ses hommes enterrèrent leur ami au fond de l'océan. Le capitaine et ses hommes recouvrirent la tombe. Ils se genouillèrent et étendirent leur main en signe de dernier adieu.","Le lendemain, accompagnés de Nemo et d'une douzaine d'hommes, Pierre, Ned et Conseil marchent sur un sol dur à 10 mètres sous la mer, où reposait le Nautilus. C'était le royaume du corail, des forêts pétries que la nature avait plantées au fond des mers. Au milieu d'une clairière, se dressait une croix en corail. Un homme commençait à creuser un trou au pied de la croix. Cette clairière était un cimetière. Le capitaine Nemo et ses hommes enterrèrent leur ami au fond de l'océan. Le capitaine et ses hommes recouvrirent la tombe. Ils se genouillèrent et étendirent leur main en signe de dernier adieu.","Le lendemain, Pierre, Ned et Conseil descendent dans la mer. Ils sont à 10 mètres du sol. C'est un endroit spécial. Il y a du corail comme des arbres. Au milieu, là où pousse une croix en corail, les amis entrent un homme. C'est un cimetière. Ils ensevelissent leur ami au fond de l'océan. Ils mettent une pierre tombale. Ils prient pour lui.","Le lendemain, Pierre, Ned et Conseil descendent dans la mer. Ils arrivent à 10 mètres de profondeur. C'est un monde de corail. Au milieu, une croix est érigée. On creuse un trou au pied de la croix. C'est un cimetière. Le capitaine Nemo et ses hommes enterrent un ami au fond de l'océan. Ils recouvrent la tombe. Ils s'agenouillent et disent adieu."
34,"Le Nautilus arrive dans la mer Méditerranée. Le lendemain, il navigue vers l'île de Crète. Le soir, au salon, le capitaine Nemo semble préoccupé. Il ordonne d'ouvrir les deux panneaux du salon. Il observe attentivement la masse des eaux. Soudain un plongeur, portant une bourse de cuir apparaît. Le capitaine Nemo lui fait un signe et le plongeur lui répond. Ensuite, le capitaine se dirige vers un meuble rempli de lingots d'or. Il prend les lingots et les range dans un coffre. Quatre hommes paraissent et poussent le coffre hors du salon. Le capitaine quitte le salon et Pierre Aronnax rentre dans sa chambre, fort intrigué.","Le 10 février, le Nautilus est à côté de la Crête. La Crête est dans la mer Méditerranée. Pierre et le capitaine Nemo voient un plongeur par la fenêtre. Le capitaine Nemo et le plongeur se saluent. Le capitaine Nemo met des lingots d'or dans un coffre. 4 hommes emportent le coffre. « C'est bizarre ! »",Le Nautilus arrive dans la mer Méditerranée. Il navigue vers l'île de Crète. Le capitaine Nemo regarde les eaux. Un plongeur apparaît. Il demande au capitaine de prendre des lingots d'or. Il prend les lingots et les range dans un coffre. Les trois hommes poussent le coffre hors du salon. Pierre rentre dans sa chambre.,"Le Nautilus arrive dans la mer Méditerranée. Le lendemain, il navigue vers l'île de Crète. Le soir, dans la salle, le capitaine Nemo semble inquiet. Il ouvre les deux portes de la salle. Il regarde attentivement l'eau. Brusquement, un plongeur, avec une sac à dos, apparaît. Le capitaine Nemo lui fait un geste et le plongeur répond. Ensuite, le capitaine se dirige vers un meuble plein d'or. Il prend les lingots et les met dans un coffre. Quatre hommes apparaissent et poussent le coffre hors de la salle. Le capitaine quitte la salle et Pierre Aronnax rentre dans sa chambre, très étonné.","Le Nautilus arrive dans la mer Méditerranée. Le lendemain, il navigue vers l'île de Crète. Le soir, dans la salle, le capitaine Nemo semble inquiet. Il ouvre les deux portes de la salle. Il regarde attentivement l'eau. Brusquement, un plongeur apparaît, portant une sac à dos. Le capitaine Nemo lui donne un signe et le plongeur répond. Puis, le capitaine se dirige vers un meuble plein d'or. Il prend les lingots et les met dans un coffre. Quatre hommes apparaissent et poussent le coffre hors de la salle. Le capitaine quitte la salle et Pierre Aronnax rentre dans sa chambre, très curieux.","Le Nautilus est en Méditerranée. Le lendemain, il va à Crète. Le soir, an salon, le capitaine Nemo est préoccupé. Il ouvre deux panneaux. Il regarde la masse des eaux. Puis, un plongeur arrive avec une bourse de cuir. Le capitaine Nemo lui signe. Le plongeur lui remet quelque chose. Puis, le capitaine prend du or et met ce dans un coffre. Quatre hommes arrivent et emportent le coffre. Le capitaine part. Pierre reste dans sa chambre, très curieux.","Le Nautilus est en Méditerranée. Le lendemain, il va près de Crète. Dans le salon, le capitaine Nemo regarde la mer. Un plongeur arrive avec une bourse. Le capitaine Nemo lui signe de mettre les lingots d'or dans un coffre. Quatre hommes emportent le coffre. Le capitaine part. Pierre est resté dans sa chambre, curieux."
35,"Pierre Aronnax se réveille fort tard le lendemain, Il raconte son excursion nocturne à Conseil. Il lui raconte l'histoire des habitants de l'Atlantide mais Conseil est distrait par les nombreux poissons et ne regarde pas le continent submergé. Le 14 mars, Pierre Aronnax aperçoit des glaces flottantes et le 16 mars, le Nautilus coupe le cercle polaire antarctique. Les glaces entourent le Nautilus de toutes parts et ferment l'horizon. Ils sont devant la banquise : une interminable et immobile barrière formée de montagnes de glaces soudées entre elles.","Le capitaine Nemo et Pierre rentrent dans le Nautilus. Pierre veut dire ce qu'il a vu à Conseil mais Conseil préfère regarder la mer. Le 14 mars, Pierre et Conseil voient des icebergs. Les icebergs sont des gros blocs de glace qui flottent sur l'eau. Le 16 mars, le Nautilus arrive au pôle Sud.","Pierre se réveille. Il raconte l'histoire des habitants de l'Atlantide. Il ne voit rien. Il voit des glaces flottantes. Le 16 mars, le Nautilus coupe le cercle polaire antarctique. Les glaces bloquent l'horizon. Il y a une grande barrière de glace.","Pierre Aronnax se réveille tard le matin. Il raconte à Conseil son voyage de nuit. Il raconte l'histoire des habitants de l'Atlantide, mais Conseil est distrait par les poissons et ne regarde pas le continent sous l'eau. Le 14 mars, Pierre Aronnax voit des glaces flottantes et le 16 mars, le Nautilus coupe le cercle polaire antarctique. Les glaces entourent le Nautilus partout et ferment l'horizon. Ils sont devant la banquise : une barrière de glaces immenses et immobiles.","Le lendemain, Pierre Aronnax se réveille tard. Il raconte son voyage de nuit à Conseil. Il lui parle de la vie des habitants de l'Atlantide, mais Conseil est distrait par les poissons et ne regarde pas le continent sous l'eau. Le 14 mars, Pierre Aronnax voit des glaces flottantes et le 16 mars, le Nautilus coupe le cercle polaire antarctique. Les glaces entourent le Nautilus partout et ferment l'horizon. Ils sont devant la banquise : une barrière immense et immobile de montagnes de glaces soudées ensemble.","Le 17 mars, Pierre Aronnax se réveille tard. Il raconte à Conseil son voyage la nuit dernière. Il lui parle de l'Atlantide, un continent sous l'eau. Mais Conseil est plus intéressé par les poissons que par ce que Pierre raconte. Plus tard, Pierre voit de la glace flottante. Le Nautilus traverse le cercle polaire austral. Ils sont bloqués par de la glace tout autour. Il y a une barrière de glace qui va jusqu'à l'horizon.","Le 17 mars, Pierre Aronnax se réveille tard. Il raconte à Conseil son voyage la nuit dernière. Il lui parle d'un peuple qui vit au fond de l'océan, l'Atlantide. Mais Conseil n'y prête pas attention, il regarde plutôt les poissons. Plus tard, Pierre Aronnax voit de la glace flottante. Puis, le Nautilus passe à l'autre pôle, l'Antarctique. Il y a des glaces partout et on ne voit plus rien. Ils sont devant une grande barrière de glace, une banquise, qui s'étend jusqu'à l'horizon."
36,"Les marins deviennent enragés contre les monstres. Dix ou douze poulpes envahissent la plateforme. Le harpon de Ned Land plonge dans les yeux glauques des calmars. Mais Ned Land est soudain renversé par les tentacules d'un monstre qui ouvre son bec pour le couper en deux. La hache du capitaine Nemo disparait entre les deux mandibules et, sauvé, Ned Land plonge son harpon tout entier jusqu'au cœur du poulpe. Les monstres vaincus, mutilés, frappés à mort, disparaissent enfin dans les flots. La Nautilus navigue vers le Nord.","D'autres krakens arrivent sur le Nautilus. Ned crève les yeux des krakens avec son harpon. Un kraken attrape Ned dans son bec. Le capitaine Nemo sauve Ned. Les krakens partent enfin. Le Nautilus navigue vers le Nord jusqu'au 30 mai. Le 30 mai, le Nautilus est proche de l'Angleterre.","Les marins sont enragés contre les monstres. Ned plonge dans les yeux glauques des calmars. Un monstre ouvre son bec pour couper Ned. Le capitaine Nemo sauve le poulpe. Les monstres sont blessés, mutilés et tués. Le bateau part vers le Nord.","Marins furieux contre les monstres. Dix à douze poulpes envahissent la plateforme. Le harpon de Ned Land pénètre dans les yeux glauques des calmars. Mais Ned Land est soudain renversé par les tentacules d'un monstre qui ouvre son bec pour le couper en deux. La hache du capitaine Nemo disparaît entre les deux mandibules et, sauvé, Ned Land plonge son harpon tout entier jusqu'au cœur du poulpe. Les monstres battus, mutilés, frappés à mort, disparaissent enfin dans les flots. La Nautilus navigue vers le Nord.

Les marins sont en colère contre les monstres. Des poulpes envahissent la plateforme. Le harpon de Ned Land pénètre dans les yeux glauques des calmars. Mais Ned Land est soudain renversé par les tentacules d'un monstre qui ouvre son bec pour le couper en deux. La hache du capitaine Nemo disparaît entre les deux mandib","Marins furieux face aux calamars. Dix à douze poulpes envahissent la plateforme. Le harpon de Ned Land pénètre dans les yeux glauques des poulpes. Mais Ned Land est soudain renversé par les tentacules d'un monstre qui ouvre son bec pour le mordre. La hache du capitaine Nemo disparaît entre les deux mandibules et, sauvé, Ned Land plonge son harpon tout entier jusqu'au cœur du poulpe. Les calamars vaincus, mutilés, battus, disparaissent enfin dans les flots. La Nautilus navigue vers le Nord.

Les marins sont en colère contre les calamars. Dix à douze poulpes envahissent la plateforme. Le harpon de Ned Land pénètre dans les yeux glauques des poulpes. Mais Ned Land est soudain renversé par les tentacules d'un monstre qui ouvre son bec pour le mordre. La hache du capitaine Nemo disparaît entre les deux",Les marins sont en colère contre les monstres. Il y a des poulpes partout. Ned Land poignarde les calmars avec son harpon. Mais un monstre attaque Ned Land. Il est sauvé par le capitaine Nemo. Ned Land poignarde le poulpe au cœur. Les monstres disparaissent dans la mer. La Nautilus voyage au Nord.,Les marins sont en colère contre les monstres. Il y a des poulpes partout. Ned Land poignarde les calmars avec son harpon. Mais un monstre attaque Ned Land. Il est sauvé par le capitaine Nemo. Ned Land poignarde à nouveau le poulpe. Les monstres sont battus. Ils disparaissent dans la mer. La Nautilus voyage au Nord.
37,"Le temps est clair, la mer est calme. Nous suivons les côtes anglaises. L'emplacement de chacun pour la pêche est tiré au sort pour ne pas provoquer de différence entre les hommes. Cet emplacement sera définitif pour toute la campagne. Plus nous avançons, plus il fait froid. La flotte partie de Dunkerque s'est éparpillée. Nous nous collons à nos tâches avec grand sérieux. Père nous apprend à nous servir du sextant, du compas. Parfois, durant les nuits où l'on voit les étoiles, père nous réveille pour nous montrer les dessins qu'elles forment. Papa connaît aussi le sujet des phares sur le bout des doigts. « Les côtes anglaises sont les plus illuminées du monde avec leurs 54 feux contre 14 en France. » Le jour, c'est grâce aux amers que nous nous repérons quand nous approchons des côtes.",Les marins tirent au sort leur place pour pêcher. Ils gardent la même place pendant 6 mois. Le père de Jules explique aux mousses : • le matériel pour naviguer • les étoiles • les phares. En 1888 : • Il y a 54 phares en Angleterre • Il y a 14 phares en France.,"Nous naviguons sur la mer calme. Nous choisissons un emplacement pour pêcher. Plus il fait froid, plus il y a de bateaux. Papa nous montre les étoiles. Il nous montre aussi les phares.","Clair jour, mer calme. Nous naviguons le long des côtes anglaises. Chaque pêcheur a son emplacement choisi par hasard pour éviter les disputes. Cet emplacement est définitif pour toute la campagne. Plus nous avancons, plus il fait froid. La flotte partie de Dunkerque est dispersée. Nous travaillons avec grande attention. Père nous enseigne à utiliser le sextant et le compas. Parfois, pendant les nuits où l'on voit les étoiles, père nous réveille pour nous montrer les dessins qu'elles forment. Père connaît aussi les sujets des phares sur les côtes anglaises. « Les côtes anglaises ont plus de feux (54) que la France (14). » Le jour, nous utilisons les marins pour se repérer quand nous approchons des côtes.","Clair jour, mer calme. Nous naviguons le long des côtes anglaises. Chaque homme pêche à son endroit, choisi au hasard pour éviter des conflits. Ce lieu est définitif pour toute la campagne. Plus nous avancons, plus il fait froid. Nos bateaux partis de Dunkerque sont dispersés. Nous travaillons sérieusement à nos tâches. Père nous enseigne à utiliser le sextant et le compas. Parfois, pendant les nuits où on voit les étoiles, père nous réveille pour nous montrer les dessins qu'elles forment. Père connaît aussi les phares sur les côtes anglaises. « Les côtes anglaises ont plus de feux d'avertissement que la France, 54 contre 14. » Le jour, nous trouvons nos bateaux grâce aux signaux d'amers quand nous approchons des côtes.",Mais la mer est calme. Le temps est clair. Nous suivons les côtes anglaises. Père nous apprend à utiliser le sextant et le compas. Il nous montre aussi les étoiles lorsque l'on les voit la nuit. Papa connaît les dessins que font les étoiles. Il nous apprend aussi à utiliser les phares. Les côtes anglaises ont beaucoup de feux pour éclairer la mer. C'est pour ça que nous pouvons voir où nous allons.,Le temps est beau. Nous sommes en Angleterre. Il fait froid. Nous avons reçu un endroit pour pêcher. Ce sera notre endroit pour tout le temps que nous serons ici. Père nous enseigne à utiliser le sextant et le compas. Il nous montre aussi les étoiles et comment elles s'alignent avec les phares en Angleterre.
38,"Je regarde droit devant moi. « Terre, terre, Islande en vue. Oui mon gars, c'est l'Islande. Bienvenue au pays de glace. » Nous écarquillons nos yeux. Cette Islande est majestueuse, vêtue de son manteau blanc. Joseph s'égaie : « Nous sommes les premiers, nous sommes les premiers ! » Clovis nous explique : « Toutes ces montagnes blanches sont des volcans recouverts de neige. Ce qui paraît inoffensif peut se transformer en véritable terreur.","Les marins voient une terre. C'est l'Islande. L'Islande est belle et toute blanche. Le bateau de Jules est arrivé le premier à Islande. Les montagnes d'Islande sont des volcans, alors ça peut être dangereux.",Je regarde l'Islande. Il y a de la glace. Nous écarquillons nos yeux. Nous voyons une Islande majestueuse. Le père de Clovis dit : « Nous sommes les premiers ! »,"Je regarde devant moi. ""Voici l'Islande, voilà. Bienvenue dans le pays de glace."" Nous ouvrons les yeux grand ouverts. Cette Islande est magnifique, vêtue de sa robe blanche. Joseph se réjouit : ""Nous sommes les premiers, nous sommes les premiers !"" Clovis nous explique : ""Ces montagnes blanches sont des volcans couverts de neige. Ce qui semble innocence peut devenir vraie peur.""","Je regarde devant moi. ""Voici l'Islande, voilà. Bienvenue dans le pays de glace."" Nous ouvrons les yeux grand ouverts. L'Islande est magnifique, vêtue de son manteau blanc. Joseph est heureux : ""Nous sommes les premiers, nous sommes les premiers !"" Clovis nous explique : ""Ces montagnes blanches sont des volcans recouverts de neige. Ce qui semble calme peut devenir vraiment effrayant.""","» Nous arrivons en Islande. C'est une terre de glace. Tout est blanc. Joseph est ému : « Nous sommes les premiers à voir ça ! » Clovis nous dit que ces montagnes sont des volcans. Il faut être prudent, car ça peut être dangereux.","Mais ne t'inquiète pas, mon gars. Je suis ici pour te protéger. » Clovis regarde les montagnes enneigées. « Islande en vue, disent les mots. C'est l'Islande, une terre de glace. Nous sommes les premiers à arriver ! » Tout est blanc et magnifique, mais Joseph est un peu égaré : « Que faire si ce qui paraît doux peut devenir dangereux ? » Clovis lui répond : « Ne t'inquiète pas. Je suis ici pour te protéger. »"
39,"Pour la sécurité des hommes, le tonnelier et le saleur amarrent les tonnes avec les bouts afin de les bloquer en cas de roulis. Maintenant nous patientons. Le capitaine observe le ballet des macareux. Nous les suivons car ils repèrent les bancs de poissons. Nous sommes habillés chaudement : le suroît sur la tête, le pull de laine, le tablier et les manchettes cirés à l'huile de lin pour protéger le torse et les avant-bras. A nos pieds sont posés des paniers avec les lignes de pêche. Ces dernières sont descendues à différentes profondeurs. Le but consiste à tomber pile sur ce satané banc de morues. Ça y est, nous sommes dans le banc, les morues sont claquées sur le pont. La chance est avec nous, la pêche va durer des heures, j'ai les doigts gelés. Les marins ne prennent que vingt à trente minutes de pause pour manger.",Les tonnes sont attachées sur le bateau pour ne pas blesser les marins. les macareux savent où sont les poissons. Les marins suivent les macareux pour trouver les poissons. Il fait très froid. Les marins portent des habits chauds. Ils descendent les lignes jusqu'aux morues. Il y a beaucoup de morues. La pêche dure longtemps.,Les marins mettent des tonnes avec des bouts de bois. Les bateaux pêchent des morues. Il y a des heures de pêche. Il fait très froid. Les gens prennent beaucoup de temps pour manger.,"Pour la sécurité des gens, les marins amarrèrent les tonnes avec des cordes pour les bloquer en cas de mouvement. Maintenant, nous attendons. Le capitaine regarde les macareux danser. Nous les suivons car ils trouvent les bancs de poissons. Nous sommes habillés chaudement : des couvre-têtes, des pull-overs, des tabliers et des manchettes recouverts d'huile d'olive pour protéger le torse et les bras. Nos pieds portent des paniers avec des lignes de pêche. Ces dernières ont été descendues à différentes profondeurs. Nous voulons tomber sur ce banc de morues. Voilà, nous sommes sur le banc, les morues sont attrapées sur le pont. La chance est avec nous, la pêche va durer des heures, mes doigts sont gelés. Les marins ne prennent que vingt à trente minutes de pause pour manger.","Pour la sécurité des gens, le tonnelier et le salier attachent les tonnes ensemble pour les bloquer en cas de roulis. Maintenant nous attendons. Le capitaine regarde les macareux danser. Nous les suivons car ils trouvent les bancs de poissons. Nous sommes habillés chaudement : un chapeau de laine, un pull de laine, un tablier et des manches recouvertes d'huile d'olive pour protéger le torse et les bras. Nos pieds portent des paniers avec des lignes de pêche. Ces dernières sont descendues à différentes profondeurs. Nous voulons tomber sur le banc de morues. Voilà, nous sommes sur le banc, les morues sont prises sur le pont. La chance est avec nous, la pêche va durer des heures, mes doigts sont gelés. Les marins ne prennent que vingt à trente minutes de pause pour manger.","Pour être en sécurité, les tonnes sont liées aux côtés. Nous attendons maintenant. Le capitaine regarde les macareux qui indiquent où sont les écoles de poisson. Nous portons des vêtements chauds : un pull de laine, un tablier et des manchettes en huile de lin pour protéger nos bras et notre torse. Nous avons des paniers avec des lignes pour pêcher. Nous avons trouvé le banc de morues. Les poissons sont sautés sur le bateau. C'est une chance, la pêche va durer des heures. Mais j'ai des doigts gelés. Les marins ne prennent que vingt à trente minutes de pause pour manger.","Pour être en sécurité, les tonnes sont attachées aux côtés. Nous attendons maintenant. Le capitaine regarde les macareux qui signalent les écoles de poisson. Nous portons de la vraie tenue chaude : un surtout, un pull de laine, des manches cirés avec de l'huile de lin pour protéger nos bras. Nous avons des paniers avec nos lignes de pêche qui penduent à différentes profondeurs. Nous voulons tomber sur ce banc de morues. Et voilà, nous y sommes, les poissons sautent sur le bateau. Nous avons trouvé la école, ça va durer des heures. J'ai des doigts gelés. Les marins ne prennent que vingt minutes de pause pour manger."
40,"Nous avons passé le banc de poissons mais ce n'est pas pour autant que le travail diminue, au contraire ! La moitié de l'équipage nettoie les bêtes. Les matelots deviennent décolleurs et décapitent l'animal. Puis ils le lavent dans un grand panier. Ensuite c'est au trancheur de prendre la relève. Il enlève l'arête centrale, il récupère la langue, les joues et le foie. Quelques têtes entières de morues sont mises à part pour préparer le bouillon du soir. Nous devons saler les morues directement sur le bateau pour la conserver. Le sang jaillit des morues, imprègne nos vêtements. Tout est rouge ! Le sang s'écoule sous nos pieds. « Plus une goutte de sang sur la bestiole avant le salage, vous le savez les gars. Les meilleurs pêcheurs sont les Dunkerquois.»","Quand la pêche est finie, les marins nettoient et découpent les morues : • pour prendre les joues, • pour prendre les langues • pour prendre les foies • pour préparer la soupe avec les têtes. Pour conserver les morues, il faut : • bien laver les morues pour ôter le sang • saler les morues sur le bateau. Les Dunkerquois sont les meilleurs pêcheurs de morues.","« Nous avons passé le banc de poissons. Nous nettoyons les bêtes. Ensuite, le trancheur prend les morues. Il enlève l'arête centrale, il récupère la langue, les joues et le foie. Nous devons saler la morue pour la conserver. Le sang des morues coule sous nos pieds. »","Nous avons pêché des morues. Nous les nettoyons maintenant. Les marins les nettoient et les décapitent. Puis, ils les lavent dans un grand panier. Ensuite, le trancheur prend le travail. Il enlève la partie centrale, la langue, les joues et le foie. Quelques têtes entières sont mises de côté pour le bouillon de la soirée. Nous salons les morues directement sur le bateau pour les conserver. Le sang coule de nos vêtements. Tout est rouge ! Le sang s'écoule sous nos pieds. « Plus de sang sur les morues avant le salage, vous le savez les gars. Les meilleurs pêcheurs sont les Dunkerquois. » (Emotion : tristesse et peur)","Nous avons pêché des morues. Nous les nettoyons maintenant. Les marins les nettoient et les décapitent. Puis ils les laissent dans un grand panier pour les laver. Ensuite, le trancheur prend le travail. Il enlève la partie centrale, la langue, les joues et le foie. Quelques têtes entières sont mises de côté pour préparer le bouillon. Nous salons les morues sur le bateau pour les conserver. Le sang des morues coule sur nos vêtements. Tout est rouge ! Le sang coule sous nos pieds. « Plus de sang sur les morues avant le salage, vous le savez les gars. Les meilleurs pêcheurs sont les Dunkerquois. »","Nous passons les poissons au banc. Mais le travail ne s'arrête pas. Une partie de l'équipage nettoie les morues. Les autres les décapitent et les égouttent. Un autre travailleur enlève l'arête centrale, il récupère la langue, les joues et le foie. Quelques têtes entières de morues sont mises à part pour préparer le bouillon du soir. Nous devons saler les morues directement sur le bateau pour les conserver. Le sang jaillit des morues, imprègne nos vêtements. Tout est rouge ! Le sang s'écoule sous nos pieds.","Nous sommes arrivés aux poissons. Mais ce n'est pas pour autant que le travail soit moins dur. La moitié de l'équipage nettoie les bêtes. Les matelots enlèvent la tête et les viscères. Ils les lavent puis ils les courent. Ensuite, c'est au trancheur de prendre la relève. Il enlève l'arête centrale, il récupère la langue, les joues et le foie. Quelques têtes entières de morues sont mises à part pour préparer le bouillon du soir. Nous devons saler les morues directement sur le bateau pour les conserver. Le sang jaillit des morues, imprègne nos vêtements. Tout est rouge ! Le sang s'écoule sous nos pieds. « Plus une goutte de sang sur la bestiole avant le salage, vous le savez les gars. Les meilleurs pêcheurs sont les Dunkerquois.»"
41,"En moins d'une minute, chaque marin découpe 10 morues et les met en tonne. Après quelques jours de première salaison, on ressort les morues, on les rince dans leur saumure, on les égoutte, on les replace en fûts recouvertes d'une mince couche de sel. Trop de salaison, c'est foutu. Pas assez, c'est foutu aussi. C'est tout un art. Les langues, « kêlebet'ches » et les joues, « kakestecks » subissent le même sort. Le soir tombe et nous les mousses, épuisés, rinçons encore et encore le pont. Une agréable odeur nous chatouille les narines. Une bonne soupe nous attend, puis nous tomberons dans les bras de Morphée.","1 marin prépare 10 morues par minute. Il faut bien doser le sel pour les morues, sinon les morues sont foutues. Le soir, les marins nettoient le bateau. Après, ils mangent de la soupe. Après, ils sont épuisés, alors ils dorment.","Les marins découpent 10 morues. Après, les marins mettent les morues dans de l'eau salée. Trop de saumure, c'est foutu. Les langues, les joues et les langues tombent. Le soir, nous rinçons encore et encore le pont. Une odeur de soupe nous réveille.","Chaque marin coupe dix morues et les met dans des tonneaux. Après quelques jours de salaison, on les sort, on les rince, on les égoutte, on les ré-emmêle dans des tonneaux recouverts d'un peu de sel. Trop de sel, c'est mauvais. Pas assez, c'est aussi mauvais. C'est un art. Les langues et les joues subissent le même traitement. Le soir tombe et nous, les marins, nous rincons encore et encore le pont. Nous sentons une bonne odeur. Une bonne soupe attend, puis nous dormirons.","Chaque marin coupe dix morues et les met dans des tonneaux. Après quelques jours, on les sort, on les nettoie, on les recouvre de sel et on les remet dans les tonneaux. Trop de sel, c'est mauvais. Pas assez, c'est aussi mauvais. C'est un art. Les langues et les joues subissent le même traitement. Le soir, nous rincons encore et encore le pont. Nous sentons une bonne odeur. Une bonne soupe attend. Puis nous dormons.","Chaque marin coupe 10 morues. Il les met en tonne. Après quelques jours, il les rince. Il les égoutte. Il les replace dans des fûts couverts de sel. Si la salaison est trop faible ou trop forte, c'est foutu. C'est un art de savoir faire. Les langues et les joues subissent le même traitement. Nous mousses rinçons le pont. Une agréable odeur nous chatouille les narines. Nous attendons une bonne soupe. Puis, nous tomberons dans les bras de Morphée, épuisés.","Chaque marin coupe 10 morues. Il les met en tonne. Après quelques jours, il les ressort. Il les rince. Il les égoutte. Il les replace dans des fûts. Il met du sel sur les morues. Si il y a trop de sel, ça ne va pas bien. Si il y a trop peu, ça ne va pas bien non plus. C'est un art de savoir comment saler les morues.Les langues et les joues subissent le même traitement. Le soir, nous les mousses épuisés rincons encore le pont. Une bonne odeur nous chatouille les narines. Nous attendons une bonne soupe. Puis nous tomberons dans les bras de Morphée."
42,"Au petit jour, j'aperçois un bonhomme de neige à la barre. C'est Philippe, le timonier. Seul est visible, son petit bout de cigarette. Des murs de neige nous entourent. Père nous demande de jeter de l'eau de mer sur le pont pour faire fondre cette neige aussi jolie que gênante. Nous faisons ensuite fondre de la neige pour récupérer de l'eau douce pour la cuisine. Le vent se met de la partie pour tout arranger. Il faut s'éloigner des côtes, le risque devient trop grand. Impossible de pêcher. Nous sommes dans des creux de 6 mètres. Une heure plus tard, incroyable, plus un pet de vent. C'est l'embellie ! Les oiseaux, rassurés de voir ce ciel dégagé, réapparaissent peu à peu. Au large, nous remarquons à nouveau les baleines, les côtes islandaises sont de toute beauté.","C'est le matin. Jules voit Philippe sur le pont. Philippe est tout blanc car il a neigé. Les marins jettent du sel sur le pont du bateau pour enlever la neige. Les marins chauffent la neige pour avoir de l'eau douce. Soudain, le vent se lève, la mer est dangereuse. Ça dure une heure, puis le beau temps revient. Les marins revoient : • des oiseaux • des baleines • les côtes de l'Islande.","Il y a de la neige sur le bateau. Le père demande de mettre de l'eau de mer sur le pont. Le vent arrive. Il faut s'éloigner des côtes, il y a des creux de 6 mètres. C'est l'embellie. Les oiseaux apparaissent peu à peu.","Le matin, je vois un homme en neige derrière la barre. C'est Philippe, le capitaine. Seul, il fume une cigarette. Nous sommes entourés de murs de neige. Mon père nous dit de jeter de l'eau de mer sur le pont pour faire fondre cette neige belle mais ennuyeuse. Puis, nous faisons fondre de la neige pour obtenir de l'eau douce pour la cuisine. Le vent s'arrête pour nous aider. Nous devons quitter les côtes, le danger est trop grand. Nous ne pouvons plus pêcher. Nous sommes dans des creux de 6 mètres. Une heure plus tard, le vent est calme. C'est merveilleux ! Les oiseaux, rassurés par le ciel dégagé, reviennent peu à peu. À l'horizon, nous voyons à nouveau les baleines, les côtes islandaises sont magnifiques.","Matin, je vois un homme de neige derrière la barre. C'est Philippe, le capitaine. Seul, sa petite cigarette est visible. Nous sommes entourés de murs de neige. Mon père nous demande de jeter de l'eau de mer sur le pont pour faire fondre cette neige qui est belle mais gênante. Puis nous faisons fondre de la neige pour récupérer de l'eau douce pour la cuisine. Le vent s'arrête pour tout calmer. Il faut nous éloigner des côtes, le risque est trop grand. Nous ne pouvons plus pêcher. Nous sommes dans des creux de 6 mètres. Une heure plus tard, le vent reprend, c'est un soulagement ! Les oiseaux, rassurés de voir ce ciel dégagé, reviennent peu à peu. À l'horizon, nous voyons de nouveau les baleines, les côtes islandaises sont magnifiques.","On voit un homme de neige qui est Philippe, le capitaine. Seul, il fume une cigarette. On est enneigés, c'est très belle mais aussi gênant. On jette de l'eau de mer sur le pont pour faire fondre la neige. On en récupère ensuite de l'eau douce pour cuisiner. Le vent cesse, il faut s'éloigner des côtes, il y a trop de risque. On est dans des vallées profondes de 6 mètres. Une heure plus tard, le vent revient, c'est l'embellie ! Les oiseaux apparaissent, le ciel est dégagé. On voit à nouveau les baleines, l'Islande est très belle.","On voit un homme de neige qui est Philippe, le capitaine. Seul, il fume une cigarette. On est enneigés, c'est belle mais gênant. On jette de l'eau de mer sur le pont pour faire fondre la neige. On en récupère après pour l'utiliser à cuisiner. Le vent cesse puis revient fort. Il faut s'éloigner des côtes, c'est trop dangereux. Nous sommes dans des vallées profondes. Une heure plus tard, le vent s'éteint à nouveau. C'est un petit miracle ! Les oiseaux reviennent, le ciel est dégagé. On voit à nouveau les baleines, l'Islande est très belle."
43,"Nous arrivons au mois de mai, les jours rallongent bien. On passe d'un ciel gris et tourmenté, à un beau ciel bleu avec un soleil froid de 10 degrés. On me remet une lettre de maman pour papa. Maman n'est pas au courant. Les courriers se sont croisés. Maman a déposé des fleurs de muguet et de lilas séchées, dans un linge, entre les feuilles de sa lettre. Elle nous parle de sa grossesse qui se passe à merveille, malgré sa fatigue. Elle écrit au sujet de mon petit frère. Il est très sage et ma grande sœur est très courageuse. Elle déclare beaucoup prier pour nos vies et notre retour. Je craque et mes larmes coulent le long de mes joues.",C'est le mois de mai : • le jour dure plus longtemps • le temps s'améliore. La mère de Jules a écrit au père de Jules car elle ne sait pas encore que son mari est mort. La mère de Jules a écrit : • sa grossesse se passe bien • le frère de Jules est sage • la sœur de Jules est courageuse • elle prie pour Jules et son père.,C'est le mois de mai. Il fait beau. Il pleut. Maman écrit au sujet de mon petit frère. Elle prie pour son retour. Je pleure et mes larmes coulent sur mes joues.,"Mai est arrivé, les jours deviennent longs. Le ciel passe de gris et troublé à bleu clair avec un froid soleil de 10 degrés. J'ai reçu une lettre de ma mère pour mon père. Ma mère ne sait pas. Les courriers se sont rencontrés. Ma mère a mis des fleurs de muguet et de lilas sèches dans un linge entre les feuilles de sa lettre. Elle nous parle de sa grossesse qui se passe bien, malgré sa fatigue. Elle écrit sur mon petit frère. Il est très sage et ma grande sœur est très courageuse. Elle prie beaucoup pour nos vies et notre retour. Je pleure et mes larmes coulent sur mes joues.","Mai est arrivé, les jours deviennent plus longs. Le ciel change de gris et tourmenté à bleu clair avec un froid soleil de 10 degrés. J'ai reçu une lettre de ma mère pour mon père. Ma mère ne sait pas. Les courriers se sont croisés. Ma mère a mis des fleurs de muguet et de lilas sèches, dans un linge, entre les feuilles de sa lettre. Elle nous parle de sa grossesse qui se passe bien, malgré sa fatigue. Elle écrit sur mon petit frère. Il est très sage et ma grande sœur est très courageuse. Elle prie beaucoup pour notre vie et notre retour. Je pleure et mes larmes coulent sur mes joues.","Mai. C'est plus chaud. Le ciel est bleu. J'ai une lettre de maman pour papa. Mais maman ne sait pas que j'ai cette lettre. Elle a envoyé une lettre à papa en même temps. Dans la lettre, maman parle d'elle-même. Elle est grosse et ça va bien. Mais elle est fatiguée. Elle écrit aussi de mon petit frère. Il est très sage. Et ma grande sœur est très courageuse. J'ai pleuré quand j'ai lu ça.","Mai 1942 Nous sommes en mai. Il fait beau, mais froid. J'ai une lettre de maman pour papa. Maman ne sait pas que j'ai cette lettre. Les courriers se sont trompés. Dans la lettre, maman parle d'elle-même. Elle est grosse et ça va bien, mais elle est fatiguée. Elle écrit aussi de mon petit frère. Il est sage et ma grande sœur est courageuse. J'ai pleuré quand j'ai lu ça."
44,"Mon jour préféré est celui du troc. Les besaces à l'épaule, remplies de petites denrées, de l'alcool et autres broutilles, nous allons rencontrer les Islandais. J'accompagne Gaston et Clovis vers une maisonnette. On pénètre dans une grande pièce. Un feu brûle dans une belle cheminée mais quelle odeur ! Etant pauvres en bois, les Islandais se chauffent à la bouse de vache séchée pendant l'été. Beurk ! Clovis dépose sur la table une bouteille de genièvre. Gaston, lui, dépose des marrons, des noix et des noisettes. Les politesses accomplies, nous passons aux choses sérieuses. Le fils de la famille me propose un magnifique couteau dont le manche est formé d'une patte de mouton. En échange, je lui donne quelques biscuits et un pot de confiture de maman.","Les marins vont faire des échanges avec les Islandais. Les Islandais n'ont pas de bois alors, ils chauffent leurs maisons avec de la bouse de vache séchée. Clovis échange de l'alcool. Gaston échange des fruits secs. Jules échange de la confiture et des biscuits contre un couteau. Le couteau a un manche en os de mouton.","Un feu brûle dans une maison. Les Islandais boivent de l'alcool et du genièvre. Clovis donne des marrons, des noix et des noisettes à Gaston. Le fils de la famille donne un couteau à Clovis. Il lui donne aussi des biscuits et de la confiture.","Mon jour préféré, c'est le jour du troc. J'accompagne Gaston et Clovis vers une petite maison. Nous entrons dans une grande pièce. Un feu brûle dans une belle cheminée, mais l'odeur est mauvaise. Les Islandais ont peu de bois, ils se chauffent avec de la bouse de vache séchée pendant l'été. Eek ! Clovis met une bouteille de genièvre sur la table. Gaston, lui, met des marrons, des noisettes et des noix. Après des politesses, nous passons à l'affaire sérieuse. Le fils de la famille me donne un magnifique couteau dont le manche est une patte de mouton. En échange, je lui donne quelques biscuits et un pot de confiture de maman.","Mon jour préféré, c'est le jour du troc. J'accompagne Gaston et Clovis vers une petite maison. Nous entrons dans une grande pièce. Un feu brûle dans une belle cheminée, mais l'odeur est mauvaise ! Les Islandais ont peu de bois, ils se chauffent avec de la bouse de vache séchée pendant l'été. Eek ! Clovis met une bouteille de genièvre sur la table. Gaston met des marrons, des noisettes et des noix. Nous sommes politement accueillis. Nous passons à l'affaire sérieuse. Le fils de la famille me donne un magnifique couteau dont le manche est une patte de mouton. En échange, je lui donne quelques biscuits et un pot de confiture de maman.",Le jour préféré de l'auteur est le jour du troc. Ils échangent des choses : les Islandais lui donnent un beau couteau avec un manche de mouton et il leur donne des biscuits et de la confiture.,Le jour préféré de l'auteur est le jour du troc. Ils échangent des choses : les Islandais lui donnent un couteau avec un manche de mouton et il leur donne des biscuits et de la confiture.
45,"Les paysages sont magnifiques mais il y a peu de morues. Le second s'énerve : « Je sais où elles sont, moi, les morues. Vous allez en baver mais ça ne sera pas pour des prunes ! » Nous manœuvrons en position de pêche. Face au vent, nous déroulons des longueurs inouïes de ligne. A près de 300 mètres, le fond arrête les lignes. Gaston me prévient : « ça va chauffer ! » Le filin, autour de ma moufle se tend subitement. Je tire de toutes mes forces. Je crois que j'ai attrapé un rocher ! Mes bras s'engourdissent et s'alourdissent . Je transpire, je m'essouffle, je faiblis. Enfin, le barbillon d'une énorme morue apparaît hors de l'eau. Le second m'aide et la rattrape avec une gaffe. Non d'un chien, elle fait son poids, elle est plus grande que moi ! Mais ce n'est pas terminé, il faut s'y remettre inlassablement. Deux à trois heures se passent. Après cela, nous restons 10 heures sur nos paillasses, fatigués, usés, prostrés.","Le paysage est très beau Mais il n'y a pas de morues ! Les marins trouvent des morues à 300 mètres de profondeur. Jules pêche une énorme morue. La morue est plus grande que Jules. Les marins pêchent pendant 3 heures. Après, ils sont épuisés !","Il y a peu de morues. Gaston s'énerve : « Je sais où elles sont, moi, les morues ! Ça va chauffer ! » Le fil de ma moufle s'engourdit. Je transpire, je m'essouffle. Une grosse morue tombe hors de l'eau. Le second rattrape la morue avec une gaffe. La morue fait plus de poids que moi. Il faut continuer à pêcher.","Les paysages sont beaux, mais il y a peu de morues. Le second se met en colère : « Je sais où les morues sont, moi ! Vous allez les pêcher, mais c'est pas pour des prunes ! » Nous avons mis notre bateau pour pêcher. Face au vent, nous déroulons des longues lignes. À près de 300 mètres, le fond arrête les lignes. Gaston me dit : « ça va chauffer ! » Le filin autour de ma pied s'étire subitement. Je tire avec tout mon pouvoir. Je crois que j'ai attrapé une roche ! Mes bras deviennent lourds et sans sens. Je suis en sueur, je respire fort, je faiblis. Enfin, le barbillon d'une grande morue apparaît hors de l'eau. Le second me l'aide et la rattrape avec une gaffe. Elle est plus grande que moi ! Mais c'est loin d'être terminé, il faut recommencer. De","Les paysages sont magnifiques, mais il y a peu de morues. Le second se met en colère : « Je sais où les morues sont, moi, les morues. Vous allez en pêcher, mais cela ne sera pas pour des prunes ! » Nous avons mis notre bateau en position pour pêcher. Face au vent, nous déroulons des longues lignes. À près de 300 mètres, le fond arrête les lignes. Gaston me dit : « ça va être difficile ! » Le filin autour de ma pied s'étire subitement. Je tire avec toute ma force. Je crois que j'ai attrapé un rocher ! Mes bras deviennent lourds et sans sens. Je suis gorgé de sueur, je me fatigue, je faiblis. Enfin, le barbillon d'une morue immense apparaît hors de l'eau. Le second me l'aide et la rattrape avec une gaffe. Elle est plus grande que moi ! Mais c'est loin d'être","Les paysages sont magnifiques mais il y a peu de morues. Un homme s'énerve : ""Je sais où elles sont, moi les morues ! Vous allez les trouver mais ce ne serait pas pour des prunes !"" Nous pêchons en mer. Le vent souffle fort, nous avons besoin de longues lignes pour attraper les poissons. Mais ça change tout de suite quand j'ai senti que je tenais un rocher. Mon bras s'évanouissent, je suis épuisé. Mais puisque j'ai attrapé une morue si grosse, je vais me remettre pour pêcher d'autres morues. C'est très difficile, il faut que j'y travaille très dur. Deux à trois heures passent comme ça. Après, nous nous reposons sur notre paillasse, épuisés.","Les paysages sont magnifiques mais il y a peu de morues. Un homme s'énerve : ""Je sais où elles sont, moi les morues ! Vous allez en baver mais ça ne sera pas pour des prunes !"" Nous pêchons. Le vent nous fait du tort avec notre ligne. Nous allons à 300 mètres et le fond arrête les lignes. Gaston me dit : ""Ça va chauffer !"" Le filin se tend autour de ma moufle. Je tire avec toute ma force. Je pense que j'ai attrapé un rocher ! Mes bras s'engourdissent et s'alourdissent. Je transpire, je m'essouffle, je faiblis. Enfin, la barbelure d'une énorme morue apparaît hors de l'eau. L'homme m'aide et la rattrape avec une gaffe. Ce n'est pas terminé, il faut s'y remettre inlassablement. Deux à trois heures passent. Après cela, nous restons 10 heures sur nos paillasses, fatigués, usés, prostrés."
46,"Je suis surpris par l'arrivée du commandant : « Je t'invite cet après-midi sur mon bateau stationnaire, tu représenteras ton père. C'était un bon capitaine, je l'estimais beaucoup. » Sur le bateau stationnaire, tous les capitaines sont présents, il y a aussi les représentants des autorités islandaises. Quel confort sur ce bateau, c'est incroyable : On y trouve une cuisine avec un cuisinier, un coin d'aisance, de l'eau chaude et même un petit hôpital ! Un novice du stationnaire se moque de moi. Le capitaine prend ma défense : « Tu n'as pas honte, toi, gosse d'officier ? Tu veux prendre sa place et son travail éreintant ? Une journée et tu pleures dans les jupons de ta mère ! Tu auras un rapport et tu seras de corvée de pommes de terre et de toilettes jusqu'à notre retour. Compris ? » Sur le point de rentrer je remercie le capitaine.","Jules va sur le bateau des officiers avec tous les capitaines. Sur le bateau des officiers, il y a : • une cuisine avec un cuisinier • des toilettes, de l'eau chaude • un petit hôpital. Sur le bateau des officiers, un garçon se moque de Jules. Le commandant punit le garçon.","Le capitaine dit : « Je t'invite sur mon bateau. Tu verras ton père. Il était un bon capitaine, je l'estimais beaucoup. » Sur le bateau, il y a beaucoup de gens. Il y a une cuisine, de l'eau chaude et un petit hôpital. Un jeune homme dit : "" Tu n'as pas honte d'être un enfant d'officier ? Tu vas pleurer dans les jupons de ta mère. Tu seras de corvée de pommes de terre et de toilettes jusqu'à notre retour. Compris ?","Sur le bateau immobile, le commandant m'invite ce matin. Tu dois représenter ton père. Il était un bon capitaine, j'aimais beaucoup. Les autres capitaines sont là aussi, ainsi que les représentants islandais. Le bateau est confortable : il y a une cuisine avec un cuisinier, un coin d'aisance, de l'eau chaude et même un petit hôpital ! Un jeune officier moque de moi. Le capitaine m'a pris ma défense : ""Tu n'es pas honteux, toi, jeune officier ? Tu veux prendre sa place et son travail difficile ? Une journée et tu pleureras dans les jupons de ta mère ! Tu auras un rapport de travail et tu travailleras dur jusqu'à notre retour. Compris ?"" Avant de rentrer, je remercie le capitaine.","Sur le bateau immobile, le commandant m'invite cette après-midi. Tu dois représenter ton père. Il était un bon capitaine, je l'aimais beaucoup. Tous les capitaines sont là, ainsi que les représentants islandais. Le bateau est confortable : il y a une cuisine avec un cuisinier, un coin d'aisance, de l'eau chaude et même un petit hôpital ! Un jeune marin me moque. Le capitaine me défend : ""Tu n'es pas honteux, toi, jeune officier ? Tu veux prendre sa place et son travail épuisant ? Une journée et tu pleureras dans les jupons de ta mère ! Tu auras un travail et tu travailleras à la cuisine et aux toilettes jusqu'à notre retour. Compris ?"" Avant de rentrer, je remercie le capitaine.","Il m'invite sur son bateau stationnaire. Il veut que je représente mon père, un bon capitaine que lui. Tous les capitaines sont présents, ainsi que les autorités islandaises. Le bateau est très confortable : il y a une cuisine avec un cuisinier, un coin d'aisance, de l'eau chaude et même un petit hôpital. Un novice du stationnaire me moque. Mais le capitaine prend ma défense : « Ne t'en fais pas, gosse d'officier ! Tu veux prendre sa place et son travail épuisant ? Une journée et tu pleures dans les jupons de ta mère ! Tu auras un rapport et tu seras de corvée de pommes de terre et de toilettes jusqu'à notre retour. Compris ? » Je remercie le capitaine et rentrer.","Il m'invite sur son bateau stationnaire. Il veut que je représente mon père, un bon capitaine qu'il estimait beaucoup. Sur ce bateau, il y a tous les capitaines et les représentants des autorités islandaises. C'est un vrai confort : il y a une cuisine avec un cuisinier, un coin d'aisance, de l'eau chaude et même un petit hôpital ! Un novice du stationnaire me moque. Mais le capitaine prend ma défense : « Tu n'as pas honte, toi, gosse d'officier ? Tu veux prendre sa place et son travail éreintant ? Une journée et tu pleures dans les jupons de ta mère ! Tu auras un rapport et tu seras de corvée de pommes de terre et de toilettes jusqu'à notre retour. Compris ? » Je remercie le capitaine puis je rentre."
47,"Pas très loin d'ici se trouve un port écossais du nom d'Aberdeen. Il s'y trouve un chantier naval. Nous allons longer la côte pour nous y rendre. Nous demandons l'entrée dans le port écossais avec le pavillon de détresse. Un petit vapeur vient à notre rencontre et nous remorque jusqu'au quai. Ce chantier naval est spectaculaire, une vraie fourmilière. Un charpentier expérimenté se pointe devant nous, Clovis lui commande un espar de 8 mètres de long. « Ho, hisse ! Ho, hisse ! » Le nouveau bout-dehors doit être positionné. La tâche est longue est difficile. Enfin, c'est terminé.",Le bateau de Jules sera réparé dans un chantier naval en Écosse. Un petit bateau tire le bateau de Jules jusqu'au quai de réparation. Un charpentier scie une poutre de 8 mètres pour réparer le bateau de Jules. La réparation du bateau est longue et difficile.,Un bateau arrive. Il y a un chantier naval. Clovis et Clovis voient un espar de 8 mètres de long. Il faut mettre un nouveau bout-dehors dans le bateau. C'est long et difficile.,"Nous allons vers Aberdeen, un port écossais. Nous avons besoin d'aide pour entrer. Nous brandissons notre pavillon de détresse. Un petit bateau vient nous chercher et nous amène au quai. Le chantier naval est impressionnant, comme une ruche. Un charpentier expérimenté nous parle. Il doit construire un mât de 8 mètres. C'est dur et long. Enfin, c'est fini.","Nous allons vers le port d'Aberdeen, en Écosse. Nous avons besoin d'aide pour entrer. Nous avons hissé notre pavillon de détresse. Un petit bateau vient nous remorquer jusqu'au quai. Le chantier naval est impressionnant, il est comme une ruche. Un charpentier expérimenté nous parle. Clovis lui demande un mât de 8 mètres. Il nous dit ""Ho, hisse ! Ho, hisse !"" La tâche est longue et difficile. Enfin, c'est fini.","Un port écossais se trouve très loin d'ici. Nous allons y aller. Nous demandons l'entrée avec un drapeau qui demande aide. Un petit bateau vient nous rejoindre et nous emmène au quai. Au chantier naval, on travaille très dur. Clovis demande un poutre très long. Les ouvriers font attention à ce que ça soit parfait.",On voit un port en Écosse. On veut y aller. On montre que l'on a besoin d'aide. Un petit bateau arrive et remorque le grand bateau. Le port est très grand. On demande un pôle de 8 mètres. Les ouvriers travaillent bien pour le mettre en place.
48,"Le moment tant attendu arrive enfin. Le phare, au loin devant nous est celui de Gravelines. Notre bateau est propre comme un sou neuf, contrairement à nos corps puants. D'abord nous devons nous débarrasser de nos paillasses. On se bouscule comme des gosses pour les jeter à la mer. D'autres vêtements partent à la baille : les moufles, les pantalons tenant debout par la crasse, le linge de corps usé, les vestes et pulls troués. Nous jetons aussi les patates germées et pourries et le baril d'aisance. Charles-Louis tonne : « De l'eau douce est à votre disposition pour nettoyer votre linge, et surtout vous. Vous sentez le vieux phoque ! » On s'habille du mieux qu'on peut avec les effets qui sont restés les plus soignés mais cette odeur de poisson nous colle à la peau, sous les ongles, sur les cheveux et les barbes.","Le bateau arrive enfin près de Dunkerque. Le bateau est propre. Les marins sont sales. Les marins jettent à la mer : • les paillasses • les habits sales • les patates pourries. Après, les marins se lavent et ils mettent des habits propres. Mais ils sentent quand même le poisson !",Le bateau est propre. Il y a de l'eau douce pour laver le linge. Mais il y a une odeur de poisson sur la peau et les cheveux.,"Enfin, le moment attendu est arrivé. Le phare de Gravelines est en vue. Notre bateau est propre comme neuf, mais nous sommes sales. D'abord, nous jetons nos sacs de déchets. Nous nous disputons pour les jeter à la mer. D'autres vêtements partent : des chaussures, des pantalons sales, des vêtements usés, des chemises et pull à trous. Nous jettons aussi les pommes de terre gâtées et le baril de toilettes. Charles-Louis appelle : ""L'eau douce est à votre disposition pour vous laver vos vêtements, et surtout vous."" Nous nous habillons le mieux que possible avec les vêtements restés les plus propres, mais l'odeur de poisson nous collera à la peau, aux ongles, aux cheveux et aux barbes.","Enfin, le moment attendu est arrivé. Le phare de Gravelines est en vue. Notre bateau est propre comme neuf, mais nous sommes sales. D'abord, nous jetons nos sacs de lits. Nous nous battons pour les jeter à la mer. D'autres vêtements partent aussi : les chaussures, les pantalons boueux, les vêtements usés, les pull et vests à trous. Nous jettons aussi les pommes de terre gâtées et le baril de toilettes. Charles-Louis sonne : ""L'eau fraîche est à votre disposition pour nettoyer vos vêtements, et surtout vous."" Nous nous habillons le mieux possible avec les vêtements restés les plus propres, mais l'odeur de poisson nous colle à la peau, sous les ongles, dans les cheveux et les barbes.","C'est enfin le moment attendu. Le phare est à distance. Notre bateau est propre, mais nous ne sommes pas aussi propres que ça. On jette nos paillasses à la mer. On enlève aussi nos vêtements sales : les pantalons avec des trous, le linge de corps usé. On jette aussi les patates pourries. Charles-Louis dit : « Il y a de l'eau pour vous laver. Mais vous sentez le vieux phoque ! » Nous ne pouvons pas enlever cette odeur de poisson.","C'est enfin le moment attendu. Le phare de Gravelines est à proximité. Le bateau est propre, contrairement à nos corps puants. Nous devons nous débarrasser de nos sacs et de nos vêtements sales. Nous jetons à la mer : les sacs, les vêtements usés et les patates pourries. Charles-Louis dit : « Il y a de l'eau pour vous laver. Mais vous sentez le vieux phoque ! » Nous ne pouvons pas se débarrasser de cette odeur."
49,"Le capitaine tente alors de me faire renoncer aux voyages en mer, m'exhortant à retourner chez mon père. Mais je monte à bord d'un vaisseau partant pour la côte d'Afrique. Je me lie d'amitié avec le capitaine, qui m'enseigne les règles de la navigation et l'art du commerce. Mes ventes me rapportent trois cents livres. Je décide alors de me faire marchand.",13 Le capitaine du bateau dit à Robinson : « La mer est trop dangereuse ! Retourne chez ton père ! » Mais Robinson n'écoute pas le capitaine. Il prend un autre bateau qui va en Afrique. Le nouveau capitaine apprend à Robinson : • à naviguer • à faire du commerce. Robinson dit : « Je vais faire du commerce pour gagner de l'argent. »,« Mon père m'a dit de ne pas voyager en mer. Je monte à bord d'un bateau. Le capitaine m'enseigne les règles de la navigation et l'art du commerce. Mes ventes me rapportent trois cents livres. Je décide de me faire marchand.,"J'essaie de m'empêcher de prendre le bateau pour la mer, le capitaine me disant de rentrer chez mon père. Mais je monte à bord d'un navire pour l'Afrique. J'ai des amis avec le capitaine qui me montre comment naviguer et vendre. J'ai trois cents livres de profit. Je décide de devenir marchand.

Je suis heureux (joie forte) mais mon père est triste (tristesse forte).","Je veux aller en Afrique par mer, mais mon capitaine m'encourage à rentrer chez mon père. Mais je monte sur un navire et je deviens ami avec le capitaine qui me montre comment naviguer et vendre. J'ai trois cents livres de profit. Alors je décide de devenir marchand.

(Emotion : Détermination forte)","Le capitaine m'arrête et me dit : ""Reviens chez ton père."" Mais je prends un bateau pour l'Afrique. J'y rencontre un capitaine qui m'apprend à naviguer et à faire du commerce. J'en gagne beaucoup d'argent. Alors, je décide de faire le commerce moyennant.","Le capitaine me conseille de rester près de mon pays, mais je veux voyager en mer. Je prends un bateau pour l'Afrique. J'y rencontre le capitaine, qui m'apprend les règles de la navigation et du commerce. J'en fais de bonnes affaires : trois cents livres. Je décide alors de faire du commerce."
50,"Onze jours plus tard, nous croisons la route d'un navire européen. On nous fait monter à bord. Le capitaine propose de me conduire au Brésil et de m'acheter la chaloupe. Il propose aussi d'acheter Xury. Ce dernier sera libéré de son esclavage au bout de dix ans s'il accepte de devenir chrétien. Le jeune garçon donne son accord.","23 Robinson et Xury repartent. Ils naviguent encore pendant 11 jours. Ils voient un bateau européen. Le capitaine du bateau dit à Robinson : « Je t'emmène au Brésil, si tu veux. J'achète ta barque. J'achète aussi Xury. » Le capitaine dit à Xury : « Tu seras mon esclave pendant 10 ans. Dans 10 ans, tu seras libre si tu deviens chrétien. » Xury dit : « D'accord. »","Un jour, nous voyons un bateau. Le capitaine propose de nous emmener au Brésil et de m'acheter une chaloupe. Xury est chrétien. Le jeune garçon donne son accord.",Nous rencontrons un navire européen après onze jours. Le capitaine nous invite à monter à bord. Il propose de m'emmener au Brésil et de me vendre ma chaloupe. Il veut aussi acheter Xury. Ce dernier deviendra libre de son esclavage après dix ans si il accepte de devenir chrétien. Xury accepte.,"Nous rencontrons un navire européen après onze jours. Le capitaine nous invite à monter à bord. Il propose de m'emmener au Brésil et de me donner une petite barque. Il veut aussi acheter Xury. Le capitaine propose de le libérer de son esclavage après dix ans, si Xury accepte de devenir chrétien. Xury accepte.","Dix jours plus tard, Flairtout voit un bateau européen. Il monte sur le bateau. Le capitaine propose de l'emmener au Brésil. Il veut aussi acheter Xury, son ami. Xury deviendra libre après dix ans, s'il accepte de devenir chrétien. Xury dit oui.","Dix jours plus tard, Lucas et Xury voient un bateau européen. Ils montent sur le bateau. Le capitaine propose de les emmener au Brésil. Il veut acheter la chaloupe de Lucas. Il veut aussi acheter Xury. Xury deviendra libre après dix ans, si il accepte de devenir chrétien. Xury d'accord."
51,"Ayant besoin d'aide, je regrette de m'être séparé de Xury. L'année suivante, j'ai beaucoup de succès dans ma plantation et, mes richesses augmentant, ma tête se remplit de projets irréalisables. Ayant lié connaissance avec des marchands d'esclaves de San Salvador, j'accepte de me joindre à eux. J'embarque avec eux pour la côte de Guinée afin de participer à leur commerce. Certains esclaves viendraient travailler dans ma plantation. Je m'embarque donc dans cette nouvelle aventure le 1 er septembre 1659.","27 Robinson a besoin d'esclaves pour travailler dans sa plantation. Alors, il rencontre des marchands d'esclaves. Les marchands disent à Robinson : « Viens avec nous en Guinée, tu pourras acheter des esclaves pour ta plantation. » « Bonne idée ! » Robinson a maintenant 27 ans. Il repart en mer pour aller en Guinée.",« Je regrette de m'être séparé de Xury. J'ai beaucoup de succès dans ma plantation. Je veux me marier avec des esclaves. Je m'embarque pour la Guinée. »,"J'ai besoin d'aide, car je suis séparé de Xury. L'année suivante, j'ai beaucoup de succès dans ma plantation et ma richesse augmente. Mon esprit est plein de projets qui ne sont pas possibles. Je connais des marchands d'esclaves de San Salvador et je me joint à eux. Je prends un bateau pour la côte de Guinée pour faire commerce d'esclaves. Certains esclaves travailleront dans ma plantation. Je prends donc part à cette nouvelle aventure le 1er septembre 1659.

Je ressent une tristesse profonde en me séparant de Xury, mais j'ai aussi de l'excitation en voyant mes succès dans ma plantation et en participant à un commerce lucratif. Je suis un peu peur de ce que je vais rencontrer sur la côte de Guinée, mais j'ai aussi de l'espoir pour ma richesse et mes projets.","Je suis triste de ne plus avoir Xury avec moi. L'année suivante, ma plantation prospère et ma richesse augmente, mon esprit est rempli de projets incroyables. J'ai rencontré des marchands d'esclaves à San Salvador et je me joint à eux. Je partis avec eux vers la côte de Guinée pour participer à leur commerce. Certains esclaves travailleraient sur ma plantation. Je partis donc pour cette nouvelle aventure le 1er septembre 1659.

Je ressent une tristesse profonde à cause de la perte de Xury, mais j'ai aussi une grande joie à cause de la prospérité de ma plantation. Mon esprit est rempli de projets incroyables, mais je suis également inquiet à cause de la participation à un commerce d'esclaves. Je suis triste mais aussi heureux, inquiet mais aussi joyeux.",Je suis monté à San Salvador pour rencontrer des marchands d'esclaves. J'ai décidé de voyager en Guinée avec eux pour aider dans leur commerce. Certains esclaves travailleront dans ma plantation. Je pars donc en septembre 1659 sur une nouvelle aventure.,"Je suis monté à San Salvador pour voir mes amis. Mais j'ai manqué Xury, mon ami. L'année suivante, j'ai été très heureux avec ma plantation. Je suis devenu riche. J'ai pensé à acheter des esclaves pour travailler dans ma plantation. Alors, je ai décidé de voyager en Guinée avec les marchands d'esclaves. Je suis parti le 1er septembre 1659."
52,"Il me faut près d'un an pour achever mon logement. Puis je continue à l'améliorer et entreprends de me fabriquer des meubles. J'ai besoin d'une chaise, d'une table et d'étagères. Ceci fait, je commence à tenir un journal de mes activités de chaque jour.","45 Robinson construit sa maison pendant 1 an. Ensuite, Robinson fabrique des meubles : • une chaise • une table • des étagères. Robinson écrit son journal de bord. Il écrit ce qu'il fait. Il écrit aussi ce qui lui arrive.","Il faut un an pour construire le logement. Puis, il commence à fabriquer des meubles. Il prend une chaise, une table et des étagères. Il commence à tenir un journal.","Vivre dans mon propre logement, c'est mon rêve qui se réalise en presque un an. J'y travaille encore pour l'améliorer et j'y fabrique des meubles. Je veux une chaise, une table et des étagères. Puis je commence à tenir un journal de mes activités chaque jour.

(Emotion : joie forte)","Vivre dans mon logement prendra presque un an. Puis je continuerai à l'améliorer et à construire des meubles. Je besoin d'une chaise, d'une table et d'étagères. Après cela, je commencerai à tenir un journal de mes activités chaque jour.

Je suis impatient de vivre dans mon logement. J'ai beaucoup de joie à l'idée de le meubler et de le rendre plus beau. Je suis heureux de pouvoir commencer à tenir un journal de mes activités chaque jour.","Il faut près d'un an pour terminer de construire son logement. Après, il travaille pour en améliorer la qualité. Il fait des meubles : une chaise, une table et des étagères. Après, il commence à tenir un journal de ce qu'il fait chaque jour.","Il faut près d'un an pour terminer de construire son logement. Après, il travaille pour en améliorer la qualité. Il fabrique une chaise, une table et des étagères. Quand c'est fait, il commence à tenir un journal de ce qu'il fait chaque jour."
53,"Avril Le 16. Je termine l'échelle qui me permet de franchir la palissade et d'accéder à ma demeure désormais complète. Le 17. Un épouvantable tremblement de terre suivi d'un terrible ouragan qui dure près de trois heures m'obligent à me mettre à l'abri. Il continue de pleuvoir toute la nuit et une grande partie du lendemain. Le 22. Je prépare mes outils afin de faire un campement plus sûr. Le 30. M'apercevant que ma provision de biscuits diminue, je ne mange plus qu'un biscuit par jour.","51 En avril, Robinson commence à fabriquer une échelle. L'échelle servira à franchir le mur autour de la maison. Robinson doit s'abriter à cause : • d'un tremblement de terre • d'une tempête. Alors, il décide de consolider sa maison. Robinson n'a plus beaucoup de biscuits alors il mange seulement un biscuit par jour.","En avril, il pleut toute la nuit. Il y a un ouragan. Je prépare un campement pour le lendemain. Mais ma provision de biscuits diminue.","Je termine l'échelle pour ouvrir la palissade et aller à ma maison complète le 16. Le 17, un tremblement de terre terrible et un ouragan durant presque trois heures me poussent à se cacher. Il pleut toute la nuit et la journée suivante. Le 22, je prépare mes outils pour faire un campement plus sûr. Le 30, je vois que ma réserve de biscuits diminue, alors je mange un biscuit par jour.","Le 16 avril, je termine l'échelle pour monter sur la palissade et aller à ma maison complète. Le 17, un terrible séisme suivi d'un ouragan durant presque trois heures me pousse à se cacher. Il pleut toute la nuit et le lendemain. Le 22, je prépare mes outils pour un campement plus sûr. Le 30, je vois que ma réserve de biscuits diminue, alors je ne mange qu'un biscuit par jour.","Avril. Je termine mon travail sur la maison. Mais un grand écartement de terre arrive. Il y a un mauvais temps avec pluie et vent. J'ai du mal à rester en sécurité. Je prépare un campement plus sûr. Je n'ai plus beaucoup de biscuits, alors je les consomme peu à peu.","Avril Avril Le 16. J'achève l'échelle pour monter sur le mur. Le 17. Un gros séisme arrive, puis il pleut et y a un ouragan très fort pendant trois heures. Il pleut tout la nuit et le lendemain. Le 22. Je prépare mon camp avec des outils pour être plus en sécurité. Le 30. Je vois que j'ai peu de biscuits restants, alors je n'en prends qu'un par jour."
54,"Je reste à la maison autant que possible durant les mois pluvieux. Je tresse des corbeilles pour porter de la terre, ou pour transporter ou conserver diverses choses. Puis j'explore l'île, armé de mon mousquet et de ma hache, et accompagné de mon chien. A l'ouest, j'aperçois une autre terre. Je ne sais pas si c'est une île ou un continent, mais je pense qu'elle doit faire partie de l'Amérique. Ce voyage m'est excessivement agréable ; les savanes sont douces, verdoyantes, émaillées de fleurs et semées de bosquets charmants. Il y a beaucoup de perroquets ; j'en capture un. Il me faudra plusieurs années pour lui apprendre à parler et lui faire dire mon nom. Je ramène aussi un chevreau vivant, pour démarrer un élevage de boucs domestiques qui pourront me servir de nourriture quand ma poudre et mon plomb seront consommés.","59 Pendant la saison des pluies, Robinson reste chez lui. Il fabrique des paniers. Quand il ne pleut pas, Robinson explore son île. L'île est agréable avec : • des savanes fleuries • des perroquets. Robinson emporte un perroquet chez lui pour lui apprendre à parler. Robinson emporte un chevreau chez lui pour faire un élevage pour se nourrir.",Il y a beaucoup de perroquets sur l'île. Il faut apprendre à parler et à dire mon nom. Il ramène aussi un chevreau vivant pour faire un élevage de boucs.,"Je reste à la maison le plus possible pendant les mois pluvieux. Je fais des corbeilles pour emporter de la terre ou pour transporter ou stocker diverses choses. Puis je explore l'île, armé de mon mousquet et de ma hache, et accompagné de mon chien. À l'ouest, je vois une autre terre. Je ne sais pas si c'est une île ou un continent, mais je pense qu'elle fait partie de l'Amérique. Ce voyage me fait grand plaisir ; les savanes sont douces et vertes, couvertes de fleurs et de bosquets charmants. Il y a beaucoup de perroquets ; je capture un. Cela prendra plusieurs années pour qu'il apprenne à parler et pour qu'il me dise mon nom. Je ramène aussi un chevreau vivant, pour commencer une ferme de boucs domestiques qui pourront me servir de nourriture quand ma poudre et mon plomb seront consommés.

Je suis heureux lorsque je suis","Je reste à la maison le plus possible pendant les mois pluvieux. Je fais des corbeilles pour emporter de la terre ou pour transporter et stocker divers objets. Puis je explore l'île, armé de mon fusil et de mon hache, et accompagné de mon chien. À l'ouest, je vois une autre terre. Je ne sais pas si c'est une île ou un continent, mais je pense qu'elle fait partie de l'Amérique. Ce voyage me fait beaucoup de plaisir ; les prairies sont douces et vertes, couvertes de fleurs et de petits bois. Il y a beaucoup de perroquets ; je capture un. Cela prendra plusieurs années pour qu'il apprenne à parler et pour qu'il me dise mon nom. Je ramène aussi un agneau vivant, pour commencer une ferme de chèvres qui pourront me servir de nourriture quand ma poudre et mon plomb seront utilisés.

Je suis heureux lorsque je suis à","Quand il pleut, Lucas reste à la maison. Il fait des corbeilles pour emporter la terre ou pour en garder quelque chose. Il explore l'île avec son mousquet et sa hache, et son chien. Il voit une autre terre à l'ouest. Il ne sait pas si c'est une île ou un continent, mais il pense qu'elle fait partie de l'Amérique. Ce voyage est très agréable pour Lucas. Il y a de beaux paysages avec des fleurs et des oiseaux colorés. Il capture un perroquet qu'il apprendra à parler et un chevreau pour élever des boucs qui seront une bonne nourriture quand il aura fini de chasser.","Quand il pleut, je reste à la maison. Je fais des corbeilles pour emporter la terre ou pour en garder quelque chose. Puis je voyage sur l'île avec mon chien et mon mousquet. À l'ouest, je vois une autre terre. Je ne sais pas si c'est une île ou un continent, mais je pense qu'elle fait partie de l'Amérique. Ce voyage est très agréable. Il y a de beaux prairies avec des fleurs et des oiseaux colorés. J'ai pris un perroquet pour l'apprendre à parler et dire mon nom. Je ramène aussi un chevreau pour commencer à élever des boucs qui me serviront de nourriture."
55,"André Vasling. C'est l'assistant de Louis, « le second ». Il ne veut pas vraiment retrouver Louis car il veut épouser Marie.",Penellan. C'est un marin. Il veut vraiment retrouver Louis. Il aide Marie à se cacher sur le bateau.,André est l'assistant de Louis. Il veut se marier avec Marie.,"André Vasling est l'aide de Louis, ""le second"". Il ne veut pas vraiment trouver Louis car il veut épouser Marie. Il est triste car il aime Marie beaucoup. Il ne veut pas la perdre.","André Vasling, Louis' assistant, ne veut pas vraiment le retrouver car il veut épouser Marie. Il n'aime pas Louis comme il l'aime Marie. Il est triste pour Louis mais heureux pour lui.",« André veut marié Marie. Mais il ne veut pas retrouver Louis. »,« André veut mariér Marie. Il ne veut pas retrouver Louis. »
56,"Le vieil homme rentra chez lui. Il avait fait construire le brick « La Jeune-Hardie » que son fils commandait maintenant. Le jeune homme, âgé de 30 ans et considéré comme le meilleur marin de Dunkerque, était amoureux de Marie, jolie orpheline de 20 ans qu'il devait épouser. Le bateau revenait d'un voyage de 3 mois en Norvège.",Le bateau de Louis arrive à Dunkerque. C'est Jean qui a construit le bateau de Louis. Louis est le meilleur commandant de Dunkerque. Louis est amoureux de Marie.,Le vieil homme achète un bateau pour son fils. Il veut épouser Marie. Le bateau arrive en Norvège.,"L'homme vieux rentra chez lui. Il avait construit le bateau « La Jeune-Hardie » pour son fils, le meilleur marin de Dunkerque, qui avait 30 ans. Ce dernier aimait une jeune fille, Marie, orpheline de 20 ans, qu'il allait épouser. Le bateau était de retour d'un voyage de 3 mois en Norvège. Il était heureux de le voir revenir.","L'homme vieux rentra à la maison. Il avait construit le bateau « La Jeune-Hardie » pour son fils, le meilleur marin de Dunkerque, âgé de 30 ans. Ce dernier était amoureux de Marie, une jolie orpheline de 20 ans qu'il allait épouser. Le bateau était de retour d'un voyage de 3 mois en Norvège. Il était heureux de le voir revenir.","L'homme rentre chez lui. Il a construit un grand bateau pour son fils, le meilleur marin de Dunkerque. Ce jeune homme aime une belle orpheline, Marie, qu'il va épouser. Le bateau est retourné après un voyage long de 3 mois en Norvège.","L'homme rentre chez lui. Il a construit un grand bateau pour son fils, le meilleur marin de Dunkerque. Ce jeune homme aime très bien Marie, une jolie orpheline. Il va l'épouser. Le bateau est rentré d'un long voyage en Norvège."
57,"Vers le 23 juillet, le bateau rencontra les premiers bancs de glace. Désormais, il fallait redoubler de vigilance. Les marins se relayaient toutes les 2 heures sous la pluie, la neige et par une température très basse. Marie restait parfois sur le pont. Le 1er août, les marins voient des icebergs dans le brouillard.","Le 23 juillet, le bateau est dans les glaces. C'est dangereux ! Les marins sont sur le pont du bateau. Ils surveillent les glaces. Les marins ont froid. Le 1er août, les marins voient des icebergs dans le brouillard.",Il y a des icebergs dans le brouillard.,"Le bateau rencontre des glaces le 23 juillet. Il faut être plus vigilant maintenant. Les marins prennent des tours de garde toutes les deux heures, dans la pluie, la neige et des températures très froides. Marie reste parfois sur le pont. Le 1er août, les marins voient des icebergs dans la brume.","Le bateau rencontre des glaces le 23 juillet. Il faut être plus vigilant maintenant. Les marins prennent des tours de garde toutes les deux heures, sous la pluie, la neige et une température très froide. Marie reste parfois sur le pont. Le 1er août, les marins voient des icebergs dans la brume.","Le bateau arrive en vue de la glace. C'est dangereux. Les marins prennent relay pour regarder autour. Il pleut, il neige et il fait très froid. Marie reste parfois sur le pont. Le 1er août, les marins voient des icebergs dans la brume.","Le bateau arrive en vue de la glace. C'est alors que le temps change. Il pleut, neige et est très froid. Les marins prennent relais toutes les 2 heures. Marie reste parfois sur le pont. Le 1er août, les marins voient des icebergs dans la brume."
58,"Le 1er août, l'équipage eut à faire face aux premiers icebergs. La navigation, dans le brouillard et l'obscurité, devint difficile. Le bateau risquait à tout moment de heurter la glace et de sombrer. Soudain, « La Jeune-Hardie » se retrouva face à une masse de glace qui fonçait droit sur elle. Heureusement, au moment même où les marins crurent qu'ils étaient perdus, le bloc de glace se retourna, et le brick put reprendre sa route : une immense plaine d'eau assurait une navigation facile.","Si le bateau tape un iceberg, le bateau va couler. Le bateau arrive sur un iceberg. Le bateau va taper l'iceberg. Les marins ont peur. Heureusement, l'iceberg se retourne. Le bateau passe.","Le 1er août, il y a des icebergs. C'est difficile de naviguer. Un bloc de glace tombe sur le bateau. Heureusement, il n'y a pas de danger.","Le 1er août, l'équipage a rencontré ses premiers icebergs. La navigation est devenue difficile en brouillard et obscurité, le bateau risquait à tout moment de heurter la glace et de couler. Brusquement, le bateau a été confronté à une masse de glace qui se dirigeait droit sur lui. Heureusement, au moment où les marins croyaient être perdus, le bloc de glace a tourné et le bateau a pu reprendre sa route : une vaste étendue d'eau facilitait la navigation.","Le 1er août, l'équipage rencontra des icebergs. Naviguer devint difficile en brouillard et obscurité. Le bateau pouvait heurter la glace et couler à tout moment. Brusquement, le bateau se trouva face à une masse de glace qui se dirigeait droit sur lui. Heureusement, au moment où les marins pensaient être perdus, la masse de glace se retourna, et le bateau put continuer sa route : une grande étendue d'eau facilitait la navigation.","Au début août, les marins voient des icebergs. C'est dans la brume et l'obscurité que ils naviguent. Le bateau est en danger : il pourrait heurter la glace et couler. Soudain, un grand bloc de glace menace le bateau. Mais juste à temps, le bloc de glace tourne et le bateau peut continuer de voyager : la route est libre.","Au début août, les marins voient des icebergs. Ça est difficile de naviguer dans le brouillard et l'obscurité. Le bateau risque de coller à la glace à tout moment et de couler. Soudain, ils voient une grosse pièce de glace qui les menace. Mais juste à temps, la glace se retourne et ils continuent de naviguer sur de l'eau ouvert."
59,"Dès le mois de mars, le retour des oiseaux annonça une diminution du froid et l'arrivée des beaux jours. La chasse devint plus facile et, malgré quelques épreuves, les conditions de vie s'améliorèrent. Pendant 8 mois, le soleil ne se coucherait pas.",C'est le printemps. Il fait de moins en moins froid. Le jour dure plus longtemps. La chasse est plus facile.,"En mars, les oiseaux arrivent. Il fait plus froid. Il y a moins de chasse. Les gens vivent mieux.","De mars, les oiseaux reviennent, annonçant un froid moins fort et des jours beaux. La chasse devient plus facile et, malgré quelques difficultés, la vie devient meilleure. Pendant huit mois, le soleil ne se couche pas.","En mars, les oiseaux reviennent, annonçant un réchauffement et des jours beaux. La chasse devient plus facile et, malgré quelques difficultés, la vie devient meilleure. Durant huit mois, le soleil ne se couche pas.

(Joie forte)","Mais au mois de mars, les oiseaux reviennent. Le froid commence à disparaitre. Les beaux jours sont presque là. La chasse est plus facile. Vie est plus agréable. Mais il y aura 8 mois pendant lesquels le soleil ne se couche pas.","Mais au mois de mars, les oiseaux reviennent. Le froid commence à partir. Les jours deviennent plus beaux. La chasse devient plus facile. Vie devient plus agréable. Mais il y a encore quelques difficultés."
60,"En avril, les marins préparèrent le bateau, qui put finalement quitter la baie d'hivernage le 21 mai. Ils mirent près d'un mois à sortir de la mer polaire.","Pendant le mois d'avril, les marins réparent le bateau. Le 21 mai, le bateau est prêt. Louis et ses marins voyagent pendant 1 mois dans l'océan glacé.","En avril, les marins préparent le bateau. Il arrive à la mer polaire.","En avril, les marins ont préparé le bateau pour quitter la baie d'hivernage. Finalement, le bateau a pu quitter la baie le 21 mai. Il a fallu près d'un mois pour sortir de la mer polaire.","En avril, les marins ont préparé le bateau pour quitter la baie d'hivernage le 21 mai. Ils ont pris presque un mois pour sortir de la mer polaire. Cela a été difficile.","En avril, les marins ont préparé le bateau. Ils ont pu quitter la baie en mai. C'est tardivement, après un mois, qu'ils ont pu sortir de l'océan Arctique.","En avril, les marins ont préparé le bateau. Au mois de mai, le bateau est partu de la mer glacée. Cela a taken them one month."
61,"Après bien des aventures, « La Jeune-Hardie » fut de retour à Dunkerque le 16 août. Très vite, on célébra le mariage de Louis Cornbutte et de Marie.",Le voyage jusque Dunkerque dure encore 2 mois. Louis et ses marins arrivent à Dunkerque le 16 août. Marie et Louis se marient. Et… l'aventure est finie !,"Après bien des aventures, « La Jeune-Hardie » retourne à Dunkerque le 16 août. On fête le mariage de Louis et de Marie.","Le 16 août, « La Jeune-Hardie » est de retour à Dunkerque. Rapidement, on fête le mariage de Louis et Marie.","Le 16 août, La Jeune-Hardie est de retour à Dunkerque. Rapidement, on célèbre le mariage de Louis et Marie.","Tout le monde était content. « La Jeune-Hardie » est de retour à Dunkerque. C'est le 16 août. Quelques jours plus tard, Louis se marie avec Marie. Tout le monde est content.","Tout le monde était content. « La Jeune-Hardie » est de retour à Dunkerque. C'était le 16 août. Quelques jours plus tard, Louis marie Marie. Tout le monde est content."
62,"Tout à coup, madame Otis aperçut une tache rouge sombre sur le parquet. Elle dit à la gouvernante : « Je crois qu'on a dû répandre là quelque chose. » « Oui, madame. On a répandu du sang à cet endroit. » Répondit la gouvernante. « Mais c'est abominable, s'écria madame Otis. Je n'aime pas du tout les taches de sang dans une pièce où l'on se tient. Il faut la nettoyer tout de suite. » La vieille femme sourit et dit d'une voix mystérieuse : « Il est impossible de l'enlever. »",Madame Otis voit une tache sur le sol. « C'est une tache de sang. » « C'est horrible ! Il faut nettoyer très vite cette tache. »,Madame Otis voit une tache rouge sur le parquet. Elle dit à la gouvernante : « On a dû répandre du sang sur cette tache. Mais c'est abominable. Il faut nettoyer la tache de sang. » La vieille femme dit : « Il est impossible de l'enlever. »,"Madame Otis vit une tache rouge sombre sur le sol. Elle dit à la gouvernante : ""Je pense que quelque chose a été versé ici."" ""Oui, madame, il y a du sang ici."" Répondit la gouvernante. ""C'est horrible, cria madame Otis. Je déteste les taches de sang dans une pièce où l'on se trouve. Il faut la nettoyer immédiatement."" La vieille femme sourit et dit d'une voix mystérieuse : ""On ne peut pas la nettoyer.""","Madame Otis a vu une tache rouge sombre sur le sol. Elle dit à la gouvernante : ""Je pense que quelque chose a été versé là."" ""Oui, madame, il y a du sang ici."" Répondit la gouvernante. ""C'est horrible, a déclaré madame Otis. Je déteste les taches de sang dans une pièce où l'on se trouve. Il faut la nettoyer immédiatement."" La vieille femme a souri et a dit d'une voix mystérieuse : ""Il est impossible de l'enlever.""

Madame Otis a vu une tache rouge sur le sol. Elle a dit à la gouvernante : ""Je pense que quelque chose a été versé là."" ""Oui, madame, il y a du sang ici."" La gouvernante a répondu. ""C'est horrible, a dit madame Otis. Je déteste les taches de sang dans une pièce où l'on se trouve. Il faut la nettoyer immédiatement."" La vieille femme a souri et","Madame Otis voit une tache de sang sur le sol. Elle dit à la gouvernante : « Quelque chose de rouge est tombé ici. » La gouvernante dit : « C'est du sang, madame. » Madame Otis est très émue : « Je n'aime pas voir du sang dans ma maison ! On va devoir nettoyer cela tout de suite. » Mais la vieille femme sourit et dit : « Non, madame. Cela ne peut pas être enlevé. »","Madame Otis voit une tache rouge sur le sol. Elle dit à la gouvernante : « Quelque chose de rouge est tombé ici. » La gouvernante dit : « C'est du sang, madame. » Madame Otis est très dégoûtée : « Ne sois pas aussi naïve que moi. Il y a du sang ici depuis longtemps. On ne peut rien faire. »"
63,"L'orage se déchaîna toute cette nuit-là. Le lendemain matin, lorsqu'ils descendirent pour le petit-déjeuner, ils retrouvèrent la terrible tache de sang sur le parquet. Washington l'effaça donc une seconde fois mais le lendemain matin, elle reparut encore. Le jour suivant elle était encore là, bien que la bibliothèque eût été fermée à clef pour la nuit.",La rencontre avec le fantôme L'orage dure toute la nuit. C'est le matin. La famille se retrouve dans la bibliothèque. La tache de sang est à nouveau sur le sol. Washington frotte la tache. La tache disparaît. Mais la famille retrouve la tache sur le sol tous les matins.,"L'orage dure toute la nuit. Quand ils descendent, il y a une tache de sang sur le parquet. Washington efface la tache. Il y a encore de la lumière dans la bibliothèque.","La nuit dernière, l'orage a été terrible. Le matin, ils ont découvert une tache de sang sur le sol. Washington a effacé la tache mais elle est revenue le lendemain. Le jour suivant, elle était toujours là, même si la bibliothèque était fermée pour la nuit.","L'orage a été violent toute la nuit. Le matin, ils ont découvert une grande tache de sang sur le sol. Washington a effacé la tache une deuxième fois, mais le lendemain matin, elle était de retour. Le jour suivant, elle était toujours là, malgré le fait que la bibliothèque était fermée à clé la nuit.

La tache de sang était terrible.

Washington était inquiet.","Il faisait très orage le soir. Le lendemain matin, ils voient une grande tache de sang sur le sol. Washington essaie de la nettoyer, mais elle revient toujours. Une nuit, tout le monde est parti. Mais le lendemain, la tache de sang est toujours là.","Il faisait très orageux cette nuit-là. Le lendemain matin, quand ils ont descendu pour prendre leur petit-déjeuner, ils ont retrouvé cette grande tache de sang sur le sol. Washington l'a essuyée mais le lendemain matin, elle était de retour. Le jour suivant, elle n'était pas discoque : elle était toujours là."
64,"Un instant, le fantôme de Canterville demeura parfaitement immobile. Puis il lança le flacon sur le parquet et s'enfuit le long du couloir en poussant des gémissements.",Le fantôme est vexé. Il lance le flacon d'huile sur le sol. Il fuit dans le couloir.,"Un instant, le fantôme de Canterville reste immobile. Puis il lance le flacon sur le parquet et s'enfuit.",Fantôme de Canterville resta immobile. Puis il lanca la bouteille sur le sol et s'enfuit vers le couloir en poussant des cris de douleur.,Fantôme de Canterville resta immobile. Puis il jeta la bouteille sur le sol et s'enfuit vers le couloir en criant des cris de peur.,Le fantôme est là. Il prend un flacon et lance le parquet. Il s'enfuit en poussant des cris.,Un fantôme est en vieillissant. Il a l'air fatigué. Il jette un flacon au sol et s'enfuit en poussant des cris.
65,"Dès qu'il eut atteint son petit cabinet secret, le fantôme songea : – aux quatre servantes qui avaient été saisies d'une crise d'hystérie alors qu'il les avait simplement regardées avec un rire grimaçant, – à la vieille madame de Trémouillac, qui ayant aperçu un squelette assis dans un fauteuil, avait dû garder le lit pendant six semaines, – au maître d'hôtel qui s'était tué d'un coup de pistolet parce qu'il avait vu une main verte frapper au carreau, – à ses apparitions en « nourrisson étranglé » ou en « suceur de sang ».","Le fantôme est dans sa chambre. Il pense à ses grandes victoires. Il a fait très peur aux habitants du château : – en faisant des grimaces, – en devenant tout vert, – en montrant son squelette, – en se déguisant en monstres horribles.",Le fantôme pense : « aux quatre servantes qui ont fait une crise d'hystérie. » Il pense aussi : « à la vieille dame qui a vu un squelette dans un fauteuil. »,"Dans son petit cabinet secret, le fantôme se demanda : – pourquoi les quatre servantes avaient eu une crise d'effroi quand il les regardait rire, – pourquoi la vieille madame de Trémouillac avait dû rester au lit pendant six semaines après avoir vu un squelette dans un fauteuil, – pourquoi le maître d'hôtel s'était tué avec un pistolet après avoir vu une main verte frapper à la fenêtre, – pourquoi il apparaissait souvent comme un bébé étranglé ou un vampire.","Dans son cabinet secret, le fantôme se demanda : – pourquoi les quatre servantes avaient eu une crise d'effroi quand il les regardait rire, – pourquoi la vieille madame de Trémouillac avait dû rester au lit pendant six semaines après avoir vu un squelette dans un fauteuil, – pourquoi le maître d'hôtel s'était tué avec un pistolet après avoir vu une main verte frapper à la fenêtre, – pourquoi il apparaissait parfois comme un bébé étranglé ou un vampire.","Le fantôme entre dans son cabinet. Il pense : ""Les servantes ont eu une crise d'hystérie en m'regardant. La dame de Trémouillac a vu un squelette et a dû rester au lit pendant six semaines. Le maître d'hôtel s'est tué en voyant une main verte. J'ai aussi parlé à des gens en étant un ""bébé étranglé"" ou en buvant du sang.""","Le fantôme entre dans son petit cabinet. Il pense à quelques gens qui ont eu des évanouissements en voyant le fantôme. Il pense à : - une vieille dame qui a vu un squelette et a dû rester au lit pendant six semaines, - un maître d'hôtel qui s'est tué en voyant une main verte, - le fantôme lui-même qui a effrayé les gens en les montrant morts ou en les montrant avec une main verte."
66,"Le lendemain, le fantôme fut immobilisé par un gros rhume. Il renonça dès lors à effrayer cette grossière famille américaine et se contenta de rôder le long des couloirs, chaussé de pantoufles avec un épais cache-nez autour de la gorge.","Le lendemain, le fantôme est malade. Il met une écharpe et des chaussons. Et il se promène tout triste dans le château. « J'abandonne. Je ne pourrai jamais faire peur à cette famille. Tant pis ! »","Le lendemain, le fantôme est très malade. Il ne veut pas faire peur aux gens. Il se cache dans les couloirs.","Le lendemain, le fantôme avait une forte toux. Il ne voulut plus effrayer cette famille américaine et resta à flotter dans les couloirs, chaussé de chaussons et avec un gros couvre-cou autour de la gorge.","Le lendemain, le fantôme était malade. Il a arrêté de faire peur à cette famille américaine grossière et il a préféré errer dans les couloirs, chaussé de chaussures de nuit et avec un grand couvre-cou autour du cou.","Le fantôme a eu un rhume le lendemain. Il n'a plus voulu effrayer cette famille américaine grossière. Il a simplement marché dans les couloirs, chaussé de pantoufles et avec un grand cache-nez autour de la gorge.","Le fantôme a eu un rhume le lendemain. Il n'a plus voulu effrayer cette famille américaine. Il a marché dans les couloirs, chaussé de pantoufles et avec un grand cache-nez autour de la gorge."
67,"Il était environ deux heures et quart du matin. Tandis que le fantôme se dirigeait lentement vers la bibliothèque pour voir s'il restait quelques traces de la tache de sang, deux personnages bondirent tout à coup sur lui du fond d'un recoin sombre, agitant follement les bras au-dessus de leur tête, et lui hurlant « Bou ! » à l'oreille.",Le fantôme arrive dans la bibliothèque. Les jumeaux sautent sur le fantôme. Ils crient. « Bou ! » Le fantôme est paniqué. Il s'enfuit.,Il est deux heures du matin. Le fantôme voit une tache de sang. Il crie « Bou ! ».,"Il était presque deux heures du matin. Pendant que le fantôme se dirigeait vers la bibliothèque pour voir si il restait des traces de sang, deux personnes apparurent brusquement, venant d'un coin sombre, et commencèrent à brandir leurs bras au-dessus de leur tête en criant « Bou ! » dans ses oreilles.","Il était presque deux heures du matin. Alors que le fantôme se dirigeait vers la bibliothèque pour voir s'il restait des traces de sang, deux personnes apparurent brusquement, bondissant vers lui dans un coin sombre, et crièrent « Bou ! » à ses oreilles.

Il était effrayé. Les personnes étaient agitées et criaient fort. Le fantôme se sentit inquiet.","Il était très tard. Un fantôme arrivait à la bibliothèque. Il cherchait une tache de sang. Soudain, deux personnages apparaissent du coin. Ils brandissent leurs bras en l'air et crient : ""Bou !""","Il était très tard dans la nuit. Le fantôme allait voir si on trouvait encore une tache de sang. Soudain, deux hommes apparaissent du côté obscur. Ils brandissent leurs bras en l'air et crient : ""Bou !"" anonyme Il était très tard. Le fantôme cherchait une tache de sang. Soudain, deux hommes apparaissent. Ils crient : ""Bou !"" anonyme Il était très tard. Le fantôme cherchait une tache de sang. Soudain, deux hommes l'attendent. Ils crient : ""Bou !"""
68,"Saisi de panique, le fantôme se précipita dans l'escalier mais il y trouva Washington Otis qui l'attendait, muni de la grande seringue du jardin.",Mais le fantôme rencontre Washington dans les escaliers. Washington menace le fantôme avec une seringue.,Le fantôme arrive dans l'escalier. Il voit Washington Otis.,"Panique, le fantôme courut vers les escaliers, mais Washington Otis l'attendait avec une grosse seringue du jardin.","Paniqué, le fantôme courut vers l'escalier, mais il y trouva Washington Otis qui attendait, armé d'une grande seringue du jardin.","« Non ! » poussa le fantôme en voyant la seringue. Soudain, Washington Otis crie : « Arrête, fantôme ! » Le fantôme a la panique. Il court dans l'escalier. Mais Washington Otis est là. Il tient une grosse seringue. Le fantôme voit la seringue. Il crie : « Non ! » Puis, Washington Otis dit : « Arrête, fantôme ! »","« Arrête-moi ! » cria le fantôme. Mais Washington Otis ne l'entend pas. Le fantôme court dans les escaliers. Mais Washington Otis est là. Il a une grosse seringue du jardin. Le fantôme crie : ""Arrête-moi !"" Mais Washington Otis ne lis entend pas."
69,"Se voyant ainsi encerclé de toutes parts par ses ennemis, Simon de Canterville disparut dans le gros poêle de fonte, arrivant dans sa chambre dans un état affreux de saleté, de désordre, et de désespoir. Depuis cette nuit-là, personne ne revit le fantôme. Il avait été si blessé qu'il ne voulait plus se montrer. Tout le monde pensait que le fantôme avait disparu et en était très satisfait.","Simon s'enfuit par la cheminée. Il retourne dans sa chambre. Il est trop malheureux pour sortir de sa chambre. Alors, la famille pense : « Ouf ! Le fantôme est parti. » Tout le monde est très content.",Simon de Canterville est blessé. Il ne veut plus se montrer. Tout le monde pense que le fantôme est parti.,"Dans sa chambre, Simon de Canterville se cacha dans un poêle de fonte, bouleversé, sale et triste. Depuis cette nuit-là, personne ne vit plus le fantôme. Il était tellement blessé qu'il ne voulait plus se montrer. Tout le monde pensait que le fantôme était parti et était très heureux.","Dans sa chambre, Simon de Canterville se cacha dans un poêle. Il était sale, la chambre était sale et il était triste. Depuis cette nuit, personne ne l'a vu. Il était si malheureux qu'il ne voulait plus sortir. Tout le monde pensait qu'il était parti et était heureux.","Simon est encerclé par ses ennemis. Il se cache dans un grand poêle de fonte. Il revient dans sa chambre en étant très sale et déprimé. Depuis cette nuit, on ne voit plus le fantôme. Il est blessé et ne veut plus se montrer.","Mais un jour, Simon revient. Simon est encerclé par ses ennemis. Il se met dans un état très sale, déchaîné et dépressif. Personne ne le voit après cette nuit. On pense qu'il s'est évanoui. Mais un jour, il revient."
70,"Quatre jours après, une procession funèbre partit de Canterville vers onze heures du soir. Lord Canterville était venu de Londres pour assister à l'enterrement du fantôme. Il était en tête du cortège avec la petite Virginia.",La fin de l'histoire C'est le jour de l'enterrement du fantôme. Lord de Canterville est venu pour l'enterrement. Tout le monde conduit le fantôme au cimetière. Tout le monde prie pour le fantôme.,Le fantôme est mort. Lord Canterville est venu à Londres pour assister à l'enterrement. Il est avec Virginia.,"Quatre jours plus tard, à onze heures du soir, une procession funèbre partit de Canterville. Le lord Canterville était venu de Londres pour assister à l'enterrement du fantôme. Il marchait en tête du cortège avec la petite Virginia.

Le lord Canterville était triste. La petite Virginia était aussi triste. Ils marchaient lentement, en silence, vers la tombe.","Quatre jours plus tard, une procession funèbre partit de Canterville à onze heures du soir. Le lord Canterville était venu de Londres pour assister à l'enterrement du fantôme. Il marchait en tête du cortège avec la petite Virginia.

Il était triste, mais la petite Virginia était heureuse. Elle aimait les processions funèbres. Elle aimait les lumières, les chants et les fleurs. Elle était heureuse de pouvoir marcher avec son papa.

Le cortège marchait lentement vers l'église. Les gens regardaient les enfants et les disaient bonjour. La petite Virginia souriait et répondait à tous. Elle était heureuse.

Lorsqu'ils arrivèrent à l'église, la petite Virginia regarda autour d'elle. Il y avait des gens en noir et des fleurs partout. Elle sentait la tristesse, mais elle était heureuse. Elle aimait les processions funèbres.

Le service commença. Les chants étaient beaux","Quatre jours après, une grande procession arrive à Canterville. Lord Canterville est là avec sa fille Virginia. Ils font le deuil du fantôme.","Quatre jours après, une grande procession arrive à Canterville. Lord Canterville est venu de Londres pour l'enterrement du fantôme. Il marche en tête avec sa petite fille, Virginia."
71,"Le lendemain matin, Lord Canterville et monsieur Otis s'entretiennent au sujet des bijoux. En effet, le fantôme avait donné à Virginia des bijoux absolument magnifiques, en particulier un collier de rubis avec une monture vénitienne qui était véritablement superbe. La valeur de ce bijou était considérable. Monsieur Otis dit à Lord de Canterville : « Reprenez les bijoux avec vous à Londres car ils sont l'héritage de votre famille. »",C'est le lendemain. Monsieur Otis et Lord de Canterville discutent ensemble. « Le fantôme a donné une boîte de bijoux à Virginia. Ces bijoux sont très beaux et très chers. Ils sont à votre famille. Vous devez emporter ces bijoux à Londres. »,"Le lendemain, le fantôme donne des bijoux à Virginia. Il lui donne un collier de rubis avec une monture vénitienne. Le collier est très beau. Il dit à Virginia : « Reprenez les bijoux avec vous à Londres. »","Le matin, Lord Canterville et monsieur Otis parlent des bijoux. Le fantôme avait offert à Virginia des bijoux magnifiques, notamment un collier de rubis avec une monture vénitienne qui était vraiment magnifique. Le collier était très cher. M. Otis dit à Lord Canterville : ""Prends les bijoux avec toi à Londres, ils sont l'héritage de ta famille.""","Le matin, Lord Canterville et M. Otis parlent des bijoux. En effet, le fantôme a offert à Virginia des bijoux magnifiques, notamment un collier de rubis avec une monture vénitienne qui est vraiment magnifique. Le collier est très cher. M. Otis dit à Lord Canterville : ""Prends les bijoux avec toi à Londres, car ils sont l'héritage de ta famille.""","Le lendemain, Lord Canterville et monsieur Otis parlent des bijoux. Le fantôme a donné à Virginia des bijoux très beaux, en particulier un collier de rubis avec une monture vénitienne qui est vraiment magnifique. Ce bijou est très cher. M. Otis dit à Lord Canterville : « Prenez les bijoux avec vous à Londres car ils sont la propriété de votre famille. »","Le lendemain matin, Lord Canterville et monsieur Otis parlent des bijoux. Le fantôme a donné à Virginia des bijoux magnifiques, en particulier un collier de rubis avec une monture vénitienne très belle. Ce bijou est très cher. M. Otis dit à Lord Canterville : « Prenez ces bijoux à Londres avec vous. Ils sont la propriété de votre famille. »"
