sentence_id,original_text,reference_falc,pred_Model_mbart_dpo,pred_Model_mbart_grpo,pred_Model_mbart
1,"Léa, pourquoi es-tu triste ? Ce matin, Clément se réveille tout content. Aujourd'hui, c'est l'anniversaire de sa petite sœur Léa. Encore en pyjama, il saute de son lit et se précipite vers la chambre de Léa. Il est impatient de lui souhaiter son anniversaire. Arrivé devant sa porte, il frappe doucement avant d'entrer en criant joyeusement: « Bon anniversaire, petite sœur ! » Léa, encore un peu endormie, ouvre un œil. La petite fille a eu du mal à trouver le sommeil cette nuit. C'est pourquoi, ce matin elle est vraiment très fatiguée. Elle aurait voulu se reposer encore un peu. À la place, son frère n'arrête pas de sautiller devant elle en répétant gaiement : « Tu es grande maintenant! ».","Léa est triste Ce matin, Clément est tout content. C'est l'anniversaire de sa sœur Léa. Clément entre dans la chambre de Léa. « Bon anniversaire, petite sœur ! Tu as 8 ans aujourd'hui. Tu es grande maintenant! »",Clément se réveille. C'est l'anniversaire de sa petite sœur Léa. Il veut lui souhaiter son anniversaire. Il frappe doucement à sa porte. Léa est très fatiguée. Mais son frère dit : « Tu es grande maintenant! »,"Clément se réveille. C'est l'anniversaire de sa petite sœur Léa. Il va dans sa chambre. Il crie : « Bon anniversaire, petite sœur ! » Léa est très fatiguée. Elle veut dormir. Mais son frère dit : « Tu es grande maintenant! ».","Léa, pourquoi es-tu triste ? Clément se réveille. C'est l'anniversaire de sa petite sœur Léa. Léa est très fatiguée. Elle aurait voulu se reposer un peu. Mais son frère n'arrête pas de sauter devant elle. « Tu es grande maintenant! »"
2,"Clément ne comprend pas l'attitude étrange de sa sœur car lui adore les fêtes d'anniversaire. Les cadeaux, les surprises, les jeux, les bougies, il aime tout ce qui fait de cette journée, une journée spéciale. Il se souvient de la fête d'anniversaire de son ami Maxime. Ses parents avaient organisé une chasse au trésor à travers tout le parc de jeu qui se situait derrière sa maison. Clément avait adoré. Quand la journée fut finie, il était reparti avec un petit sachet de bonbons et il l'avait partagé avec sa sœur. Elle l'avait remercié de sa gentillesse avec un sourire. Pas comme ce matin… Ce qui l'avait le plus marqué, durant cette fameuse fête, c'était le gâteau. Clément n'avait jamais vu un gâteau de la sorte : un gâteau en forme de château fort avec des chevaliers en armure qui se tenaient près du pont-levis et des bougies qui surplombaient les tours.",Clément est heureux. Clément aime les fêtes d'anniversaire. Il aime surtout les gâteaux d'anniversaire. Les gâteaux d'anniversaire sont très beaux. On met de jolies bougies sur le gâteau. « Superbe ! Toutes ces petites lumières! »,"Clément aime les fêtes d'anniversaire. Il aime les cadeaux, les jeux, les bougies. Il se souvient de la fête de son ami Maxime. Ses parents avaient organisé une chasse au trésor dans le parc de jeu. Il avait adoré. Il était reparti avec un petit sachet de bonbons et sa sœur l'avait remercié de sa gentillesse avec un sourire.","Clément aime les fêtes d'anniversaire. Il aime les cadeaux, les jeux, les bougies. Il se souvient de la fête de son ami Maxime. Ses parents avaient organisé une chasse au trésor. Il était content. Il a donné un petit sachet de bonbons à sa sœur. Elle l'a remercié de sa gentillesse avec un sourire. Mais il n'a pas aimé le gâteau. C'était un gâteau en forme de château fort. Il y avait des chevaliers et des bougies devant le château.","Clément adore les fêtes d'anniversaire. Les cadeaux, les surprises, les jeux, les bougies, tout est bon pour faire de cette journée, une journée spéciale. C'était la fête d' anniversaire de son ami Maxime. Ses parents avaient organisé une chasse au trésor dans le parc de jeu de sa maison. Le gâteau était sur le gâteau."
3,"Les courses sans Lila Pendant une bonne partie de la matinée, Clément, Léa et maman cherchent partout. Sous le canapé, dans les caisses de jeux, dans la voiture de maman, aucune trace de Lila nulle part. — Non ma chérie, je ne vois vraiment pas où elle peut être, lui dit doucement maman après avoir cherché dans toute la maison. À ces mots, Léa est encore plus triste. Elle avait espéré retrouver Lila ce matin. Elle ravale un sanglot et fait tout pour que ses larmes ne coulent pas le long de ses joues.","Les courses sans Lila Clément, Léa et maman cherchent Lila dans toute la maison. Pas de trace de Lila. Léa est très triste. Mais elle ne pleure pas.","Les courses sans Lila. Clément, Léa et maman cherchent Lila partout. « Non ma chérie, je ne vois pas où elle peut être. » Léa pleure.","Clément, maman et Léa cherchent Lila partout. Mais il ne trouve pas Lila. Léa est triste. Elle pleure. Elle fait tout pour que ses larmes coulent sur ses joues.","Les courses sans Lila Clément, Léa et maman cherchent Lila partout. Sous le canapé, dans les caisses de jeux, dans la voiture de maman, il n'y a pas de trace de Lila. « Non ma chérie, je ne vois vraiment pas où elle peut être. » Léa est triste."
4,"La jeune fille tend la main et touche le visage de la poupée à la robe rouge du bout des doigts. — J'ai une poupée qui te ressemble, lui chuchotet-elle. Elle s'appelle Lila et elle est très gentille. Je suis certaine que si vous vous connaissiez vous pourriez être amies toutes les deux. Quelques larmes finissent par apparaître aux coins des yeux de Léa. Elle les sèche avec le dos de sa main. Elle s'est déjà attardée trop longtemps ici, il faut qu'elle aille retrouver sa mère et Clément.","« Tu es jolie avec ta robe rouge. Tu ressembles à ma poupée Lila. Ma poupée Lila a une robe bleue. Elle est très gentille. Tu pourrais être son amie. J'ai perdu ma poupée Lila. Je suis très triste. Elle me manque beaucoup. Au revoir, jolie poupée. Je dois partir. Clément et maman vont s'inquiéter. »","« J'ai une poupée qui te ressemble. Elle s'appelle Lila et elle est gentille. Si vous vous connaissiez, vous pourriez être amies toutes les deux. » Léa pleure.","« J'ai une poupée qui te ressemble. Elle s'appelle Lila et elle est gentille. Si vous vous connaissiez, vous pourriez être amies. » Léa pleure. Léa sèche ses larmes. Il faut qu'elle retourne chez sa mère et Clément.",« J'ai une poupée qui te ressemble. Elle s'appelle Lila et elle est très gentille. Je suis certaine que si vous vous connaissiez vous pourriez être amies toutes les deux. » Léa sèche ses larmes.
5,"Cette fois, le gâteau est bel et bien terminé. Maman se charge de verser la pâte dans un moule en forme d'ours.",Clément et Léa ont fini. Maman verse la pâte dans un joli moule. Un moule en forme d'ours!,Le gâteau est fini. Maman prépare un moule en forme d'ours.,Le gâteau est fini. Maman met la pâte dans un moule en forme d'ours.,Le gâteau est fini. Maman verse la pâte dans un moule en forme d'ours.
6,"Lorsqu'Émilie entra dans la salle d'examens, sa mère vaccinait un jeune labrador alors que son père mettait à jour, sur son ordinateur portable, la fiche de l'animal. – Papa, maman, on a une urgence ! dit-elle en arrivant et elle leur raconta toute l'histoire. Dès qu'elle en eut terminé avec le labrador, la mère d'Émilie se dirigea vers la salle d'attente pour prévenir les personnes présentes. Mais, quelle ne fut pas sa surprise en constatant que tout le monde était déjà au courant. Grâce à Pierre, ils se montrèrent même très compréhensifs. Aussi, lorsque Dimitri et Nicolas arrivèrent avec le renard, tout était prêt pour opérer l'animal. Nicolas entra dans la salle d'opérations, aussitôt suivi de Dimitri et Émilie. Leur père les arrêta dans leur élan et leur dit en refermant la porte sur eux : – Je suis désolé, les enfants, mais seul Nicolas peut assister à l'opération puisqu'il a l'intention de devenir, lui aussi, vétérinaire.","Émilie entre dans la salle d'examens. La mère d'Émilie fait des vaccins à un chien. « Papa, maman, c'est urgent. Nous avons trouvé un renard blessé. Il faut sauver notre renard. » « Calme-toi, Émilie. Papa et moi allons tout préparer pour opérer ce petit animal blessé. » Dimitri et Nicolas arrivent avec le renard. Tout est prêt pour l'opération. Nicolas aide ses parents car il veut être vétérinaire.","« Papa, maman, on a une urgence. Il faut vacciner un petit labrador. » La mère d'Émilie prévient tout le monde. Tout le monde est très compréhensif. Nicolas et Émilie arrivent dans la salle d'opérations. Leur père arrête les enfants.","Le père d'Émilie vaccine un jeune labrador. Émilie raconte l'histoire à sa mère. Elle va dans la salle d'attente. Quand elle voit le labrador, elle voit que tout le monde est là. Il dit : « Papa, maman, on va faire opérer le chien. » Nicolas et Dimitri arrivent. Leur père arrête les enfants. « Ne t'inquiète pas, les enfants, Nicolas est vétérinaire. »","La mère d'Émilie vaccine un labrador. « Papa, maman, on a une urgence ! » Maman va dans la salle d'attente pour prévenir les personnes présentes. Nicolas, Émilie et Pierre arrivent aussitôt. Tout est prêt pour vacciner l'animal. Nicolas et Dimitri sont contents car Nicolas veut devenir vétérinaire."
7,"Ses parents se regardèrent, réfléchissant quelques minutes à la proposition d'Émilie. Pouvaient-ils lui confier cette importante responsabilité même si elle semblait très motivée et tenait toujours ses promesses ? – C'est d'accord, finit par dire son père. Les trois premiers jours, le renard resta dans une grande cage à l'intérieur même de la salle d'opérations. Émilie venait tous les jours pour s'occuper de lui. Le quatrième jour, sa mère l'ausculta de nouveau. – Il a l'air d'aller mieux, ce petit renard. On va tenter de le remettre en liberté peu à peu.","« C'est important de s'occuper d'un animal malade. » « Je sais, papa. Je ferai très attention. » « Alors, c'est d'accord. » Émilie vient tous les jours pour soigner le renard. Au bout de 4 jours, le renard va mieux. « Tu vas pouvoir amener le renard à la ferme. » « Super ! Merci, maman. »",Ses parents réfléchissent. « Émilie peut-elle m'aider à garder le petit renard ? »,"Ses parents réfléchissent. « Émilie peut-elle nous aider ? » « Oui, bien sûr. Le renard est dans une grande cage. Émiliae vient tous les jours pour s'occuper de lui. Le quatrième jour, ma mère voit le renard. Il va mieux. On va le remettre en liberté. »","Les parents d'Émilie réfléchissent. Émilie est-elle prête à s'occuper de ce petit renard ? « C'est d'accord. » Les 3 premiers jours, le renard resta dans une grande cage. Maman s'occupe de lui tous les jours. « Il a l'air d'aller très bien. On va essayer de le remettre en liberté peu à peu. »"
8,"Enfin, la lumière diminua d'intensité et la scène s'éclaira de bleu et de rouge. Au milieu d'une fumée blanche apparut soudain la star qu'ils attendaient tous. – C'est Lucas! C'est Lucas! cria Émilie toute excitée en prenant le bras de Nicolas pour lui montrer celui qu'elle attendait depuis des mois. – Êtes-vous prêts ? hurla le chanteur. Alors, la batterie entama la première chanson, bientôt rejointe par la guitare électrique et la basse. Rapidement, l'ambiance devint électrique. La foule dansait, tapait des mains et des pieds. Émilie et ses frères chantaient à pleins poumons, ravis d'assister à ce concert. Au bout de deux heures de spectacle, malgré les cris de la foule et plusieurs rappels, le chanteur déclara : – Merci d'être venus aussi nombreux ce soir ! On a passé une super soirée tous ensemble ! À bientôt! Et il quitta définitivement la scène, marquant ainsi la fin du concert.","Soudain, le chanteur du groupe apparaît dans une fumée blanche. Le concert est top. Tout le public chante et danse. Dimitri, Nicolas et Émilie sont très heureux. Au bout de 2 heures, le concert est terminé. Le chanteur salue le public et quitte la scène.","« Lucas ! C'est Lucas ! » Émilie prend le bras de Nicolas pour lui montrer son fils. « Êtes-vous prêts ? » La foule danse, chante et crie. Le chanteur quitte la scène.",« Lucas ! C'est Lucas ! » Émilie prend le bras de Nicolas. Le chanteur arrive. « Êtes-vous prêts ? » Il chante. La foule danse et crie. Il quitte la scène. Il est trop tard.,"La lumière devient rouge et brillante. Soudain, Émilie voit la star qui attend les enfants. « C'est Lucas ! » « Êtes-vous prêts ? » La foule chante et danse. Les enfants sont très excités. « Merci ! » Le chanteur quitte la scène."
9,"Soudain, une forme étrange, sombre et indistincte apparut dans le ciel. Plissant les yeux, Émilie crut voir un aigle. « C'est impossible, se dit-elle, il n'y a pas d'aigle dans la région. » Ce n'était vraiment pas le moment de se demander ce qu'un aigle pouvait bien faire au concert de son groupe préféré car l'animal fonçait droit sur eux, serres en avant. – Baisse-toi, Émilie ! cria son frère. Nicolas appuya alors sur la tête d'Émilie pour l'obliger à se baisser rapidement et l'oiseau referma ses griffes dans le vide, juste au-dessus de sa tête. – Va-t'en ! hurla Nicolas de toutes ses forces, en lui lançant des pierres pour l'effrayer et essayer de le faire fuir. Il toucha la tête de l'aigle mais l'oiseau ne sembla pas avoir peur.","Soudain, un aigle apparaît dans le ciel. L'aigle fonce droit sur Nicolas et Émilie. « Baisse-toi, Émilie ! » Émilie se baisse, juste à temps. L'aigle ne réussit pas à attraper Émilie. Nicolas lance des pierres pour faire fuir l'aigle.","Soudain, un aigle apparaît dans le ciel. Émilie pense qu'il n'y a pas d'aigle dans la région. Mais il y a un autre aigle. « Baisse-toi ! », crie Nicolas. L'oiseau attaque Nicolas. Il touche la tête d'Émilie.",Un aigle apparaît. Émilie voit un aigle. Elle ne voit pas l'aigle. L'oiseau fonce sur Émilies. « Baisse-toi ! » L'aile l'attaque. « Va-t'en ! » Il crie. Il essaie de l'effrayer. Il touche la tête d'Émilie. Mais il ne fait pas peur.,"Soudain, une forme étrange, sombre et mystérieuse apparaît dans le ciel. Émilie voit un aigle. « C'est impossible, il n'y a pas d'aigle dans la région. » Mais l'animal fonce droit sur les musiciens. « Baisse-toi, émilie ! » Nicolas appuie sur la tête d'Émilie pour l'obliger à se baisser. L'oiseau referme ses griffes dans le vide. « Va-t'en ! »"
10,"À l'orée du bois, Émilie remarqua que le ciel avait changé de couleur. Il était désormais nimbé de longues traces orangées, semblables à celles qui zèbrent le ciel lorsque le Soleil se couche. – Émilie, ce que tu vois, ce sont des traces de magie, expliqua Léo. La magie est particulièrement forte au coucher du Soleil, c'est pourquoi les humains peuvent la voir à ce moment-là. Maintenant, grâce à la pierre, tu la verras tout le temps et partout. Léo et Émilie pénétrèrent dans la forêt. Émilie découvrit une forêt bien différente de celle qu'elle connaissait. Les arbres n'étaient pas seulement verts, ils étaient aussi rouges, orange et même parfois violets. Dans l'eau de la rivière, elle sembla apercevoir la forme d'un visage. « Une autre nymphe comme Mélody ? » pensa-t-elle. Le visage lui sourit avant de disparaître sous l'eau.","« Regarde les traces orange dans le ciel. Ce sont des traces de magie. La pierre du Soleil va te faire voir la magie partout et tout le temps. » Léo a raison. Émilie voit dans la forêt : – des arbres rouges ou violets, – un visage dans l'eau.","« Émilie, le ciel change de couleur. Il y a des traces orangées sur le sol. La magie est très forte au coucher du Soleil. Maintenant, tu peux voir la magie partout. »","« Émilie, le ciel change de couleur. Il y a des traces orangées. C'est de la magie. La magie est très forte au coucher du Soleil. Maintenant, tu peux voir la magie partout. » Léo pénètre dans la forêt. Dans la rivière, il voit un visage. « Une autre nymphe comme Mélody ? » Il sourit. Il disparaît.","Soudain, le ciel change de couleur. Le ciel devient orange. « Émilie, ce que tu vois, ce sont des traces de magie. La magie est particulièrement forte au coucher du Soleil. Maintenant, grâce à la pierre, tu peux voir la magie partout. » Émiliae et Léo pénètrent dans la forêt. La forêt est toute différente de celle qu'elle connaissait. Les arbres sont rouges, orange et parfois violets. Dans l'eau, la nymphe aperçoit un visage. « Une autre"
11,"Alors qu'ils s'enfonçaient toujours plus profondément dans les bois, Émilie demanda : – Où allons-nous ? – Nous allons voir la reine du monde magique. Je dois te présenter à elle. En outre, elle pourra certainement nous aider à retrouver ton frère, lui répondit-il. Bientôt, ils arrivèrent devant une grotte qu'Émilie n'avait jamais vue auparavant. Sans doute, cette grotte devait être invisible aux humains. Léo y entra sans hésitation. Émilie le suivit. Mais, plus ils avançaient dans la grotte, plus il faisait sombre et bientôt Émilie ne parvint plus à distinguer quoi que ce soit. – Léo, Léo ? appela-t-elle à plusieurs reprises. S'il te plaît, Léo, aide-moi à trouver mon chemin dans le noir. Ce n'est pas drôle. Léo lui répondit: – Prends la pierre du soleil dans ta poche et demandelui de t'aider. Suivant ses conseils, Émilie glissa sa main dans sa poche et en ressortit la pierre. Elle brillait doucement, éclairant la paume de sa main.","« Où allons-nous, Léo ? » « Nous allons voir la reine du monde magique. Notre reine peut nous aider. » Émilie et Léo arrivent devant une grotte. Ils entrent dans la grotte. Il fait tout noir. « J'ai peur dans le noir. » « Sors la pierre du Soleil de ta poche. La pierre du Soleil va t'éclairer.» Émilie prend la pierre du Soleil dans sa main.","« Nous allons voir la reine du monde magique. Je dois te présenter à elle. Elle pourra peut-être nous aider à retrouver ton frère. » Émilie et Léo arrivent dans une grotte. Il fait très sombre. « Léo, aide-moi à trouver mon chemin dans le noir. »","Émilie demande à Léo : « Où allons-nous ? » « Nous allons voir la reine du monde magique. Elle va nous aider à retrouver ton frère. » Ils arrivent dans une grotte. Il fait très sombre. « Léo, aide-moi à trouver mon chemin dans le noir. » Léo dit : « Prends la pierre du soleil. Elle éclaire la main de ma main. Tu peux la mettre dans ta poche. »","« Où allons-nous ? » « Nous allons voir la reine du monde magique. Je dois te présenter à elle. Elle pourra peut-être nous aider à retrouver ton frère. » Émilie et Léo arrivent devant une grotte. Dans la grotte, il fait très sombre. « Léo, aide-moi à trouver mon chemin dans le noir. Ce n'est pas drôle. » « Prends la pierre du soleil dans ta poche et demandelui de t'aider. »"
12,"Léo et Émilie furent soulagés. Ouf ! Ils étaient en sécurité pour le moment! Ils sortirent de derrière les sacs et se dirigèrent au bout de la ruelle. Arrivés à l'extrémité, Léo poussa quelques branches et un trou sans fond apparut à leurs pieds. Émilie se pencha au-dessus de la fosse et dit: – Ce ne sont quand même pas les… – … Égouts ? Si, si, termina Léo. Si nous voulons nous en sortir, c'est la seule solution. Suis-moi mais fais attention ! On ne sait jamais sur qui on peut tomber dans cet endroit. Tout ceci ne rassurait pas vraiment Émilie. Elle grimaça mais ce n'était pas le moment de jouer les princesses. Elle se glissa donc dans le trou à la suite du renard. Heureusement, la pierre à son cou brillait toujours et lui permettait de voir devant elle. Ils passaient d'un couloir à l'autre. Émilie se demandait bien comment Léo arrivait à se repérer parmi toutes ces galeries toutes plus sales les unes que les autres. Alors qu'ils poursuivaient leur chemin, Émilie finit par poser à Léo la question qui lui brûlait les lèvres depuis qu'ils avaient quitté le palais. – Que s'est-il passé ? Qu'avons-nous fait de mal pour que les loups nous attaquent ainsi ? Tu m'avais bien dit qu'ils n'attaquaient que sur ordre de la reine ?","Ouf ! Émilie et Léo sont sauvés. « Il y a les égouts au bout de la rue. Nous allons passer par les égouts. Les loups ne pourront pas nous suivre. » « Es-tu vraiment sûr ? » « Oui. C'est la seule solution. » « Bon, je te suis. » Émilie et Léo entrent dans les égouts. Il fait tout noir mais la pierre du Soleil éclaire leur chemin. « Pourquoi les loups nous ont-ils attaqués ? »","Léo et Émilie sont en sécurité. Mais il y a un trou dans la ruelle. Léo dit: « Ce ne sont pas les... ». « Ne t'inquiète pas. Suis-moi mais fais attention ! On ne sait jamais sur qui on peut tomber dans cet endroit. Heureusement, la pierre à son cou est toujours là. »","Léo et Émilie arrivent au bout de la ruelle. Il y a un trou. Léo dit : « Ce n'est pas les égouts. Les loups vont nous attaquer. » « Ne t'inquiète pas. Nous devons nous en sortir. Suis-moi mais fais attention. On ne sait jamais qui peut tomber dans cet endroit. » Le trou est très dangereux. Mais le renard ne tombe pas dans le trou. Heureusement, Léo voit la pierre. Il voit Léo. Ils passent dans un couloir. Émili","Léo et Émilie sont en sécurité. Ils sortent de la ruelle. Soudain, un trou sans fond apparaît à leurs pieds. « Ce ne sont quand même pas les... » « Les égouts ? » « Non, si, si. Les loups ne peuvent pas nous attaquer. » « Tu m'avais bien dit qu'ils n'attaquaient que sur ordre de la reine ? »"
13,"Lorsqu'ils furent tous les deux entièrement recouverts de boue, Léo dessina sur le sol une carte avec ses pattes pour expliquer son plan à Émilie car ils devraient ensuite rester silencieux tout le long de la traversée. Il fit d'abord deux croix et expliqua : – Nous sommes ici et nous devons aller là-bas. Puis, en dessinant un rond, il ajouta : – Les renifleurs sont ici. Enfin, il traça une ligne et conclut : – Cette ligne représente le chemin que nous devrons prendre pour que le vent nous aide à cacher notre odeur. Je pense que tu avais déjà deviné pourquoi nous les appelons ainsi. Émilie commençait à trouver que ce monde magique n'avait rien de drôle : tout d'abord, les loups scorpions, puis les poubelles, les égouts et maintenant, les taupes « renifleuses ». Cependant, elle faisait confiance à Léo et son plan semblait parfait. Les deux complices se mirent à plat ventre et commencèrent à avancer en silence en s'appuyant sur les genoux et les coudes.","Léo dessine une carte sur le sol pour expliquer son plan à Émilie. « Il n'est pas drôle ton monde, Léo. Les loups scorpions, les poubelles, les égouts… Et les taupes renifleuses. » « La reine nous a prévenus des dangers. Mais fais-moi confiance. » « OK, je te suis. » Émilie et Léo se couchent sur le ventre. Ils avancent tout doucement sans faire de bruit.",Léo dessine une carte pour expliquer son plan. Il dit : « Nous devons aller là-bas. Les renifleurs sont ici. » Émilie trouve que ce n'est pas drôle. Mais Léo trouve que son plan est bon. Les deux complices se mettent à plat ventre et marchent en silence.,Léo dessine une carte. Il dit : « Nous devons aller là-bas. Les renifleurs sont ici. » Émilie voit que ce n'est pas drôle. Mais Léo pense que c'est un bon plan. Ils marchent en silence. Ils se mettent sur le ventre.,Léo dessine une carte avec ses pattes. « Nous devons rester silencieux pendant toute la traversée. » Émilie dessine aussi une croix. « Les renifleurs sont ici. Les loups scorpions et les taupes renifleuses sont dans ce monde magique. » Léo est sûr que son plan est bon.
14,"– Nicolas! Nicolas! appela alors Émilie car elle seule pouvait utiliser les pouvoirs de la pierre du Soleil et parler avec Léo. Nicolas, assis au fond du nid, leva la tête en entendant la voix d'Émilie. Et quelle ne fut pas sa surprise en voyant Léo assis sur le bord du nid. – Mais que faites-vous ici ? demanda Nicolas. Émilie lui répondit simplement: – Nous n'avons pas beaucoup de temps. Il faut qu'on te sorte de là, très vite avant que l'aigle ne revienne. Je t'expliquerai plus tard toute cette histoire. Nicolas essaya de se lever sans y parvenir. – Je crois que ma jambe est cassée, dit-il. Impossible d'escalader le nid avec une jambe cassée ! – Émilie, nous allons encore avoir besoin de l'eau de la fontaine magique ! proposa Léo. Aussitôt, Émilie fouilla dans son sac et donna à Léo la gourde qui contenait le reste de l'eau de la fontaine magique. Celui-ci la prit et grimpa à nouveau sur les épaules d'Émilie avant de sauter dans le nid. – Bois l'eau de la gourde que t'apporte Léo. Fais-moi confiance, elle va guérir ta jambe, cria Émilie à Nicolas.","Nicolas est très surpris de voir Léo. « Que fais-tu là, Léo ?» « Léo et moi sommes venus te chercher. Nous devons nous sauver très vite avant le retour de l'aigle. » « Je ne peux pas bouger. J'ai la jambe cassée. » « Bois l'eau de cette gourde. Fais-moi confiance. Cette eau va guérir ta jambe. »","« Nicolas! Émilie, que fais-tu ici ? » « Je crois que ma jambe est cassée. Je vais encore avoir besoin de l'eau de la fontaine magique. » Léo donne à Nicolas une gourde d'eau. Nicolas grimpe sur les épaules d'Émilie pour sauter dans le nid.","« Émilie, que fais-tu ici ? » « Non, Léo. Nous n'avons pas beaucoup de temps. Il faut qu'on sorte de ce nid. » « Je crois que ma jambe est cassée. Je vais aller dans le nid. Mais je vais encore avoir besoin de l'eau de la fontaine magique. » Léo prend une gourde. « Bois la gourde, ça va guérir ta jambe. » Émiliae crie à Nicolas. Nicolas arrive. Il grimpe sur les épaules d'Émilie. Émili",« Nicolas! Nicolas! Que faites-vous ici ? » « Nous n'avons pas beaucoup de temps. Il faut qu'on sorte de ce nid très vite avant que l'aigle ne revienne. Je t'expliquerai plus tard toute cette histoire. » « Je crois que ma jambe est cassée. Je vais encore avoir besoin de l'eau de la fontaine magique. » Émilie prend la gourde de Léo. « Bois cette gourde. Elle va guérir ta jambe. »
15,"Nicolas, Émilie et Léo retenaient leur souffle. Il ne fallait surtout pas faire de bruit sinon l'aigle risquait de les repérer. Soudain, il passa au-dessus d'eux sans les voir. Léo fit signe à ses deux amis qu'il était temps de filer et il se mit à courir devant eux pour leur indiquer le chemin. Cependant, Nicolas ne pouvait pas courir aussi vite que les autres car sa jambe, même guérie, restait fragile. Alors qu'il tentait de les rattraper, l'aigle le vit et fonça sur lui, serres en avant, prêt à l'attraper. – Oh non ! gémit Émilie. Nicolas eut tout juste le temps de se précipiter derrière un nid avant que les serres ne se referment sur son dos. – Ouf ! Il s'en est fallu de peu. Il ne va certainement pas en rester là. Il va revenir. Heureusement, j'ai une idée ! dit Émilie. Elle prit dans sa main la pierre du Soleil qui pendait à son cou. La pierre réagit immédiatement et se mit à briller fortement. Comme avec le renifleur, Émilie espérait éblouir l'elki avec la pierre. Elle leva le bras le plus haut qu'elle put et dirigea la pierre en direction des yeux de l'elki. Celui-ci, agacé d'avoir laissé échapper sa proie, volait dans tous les sens et elle se trouvait relativement loin de lui. Elle faisait du mieux qu'elle pouvait mais elle n'était pas sûre d'y parvenir !","« Nous devons partir très vite. » Les 3 amis partent en courant. Mais Nicolas ne peut pas courir car il a encore mal à sa jambe. Soudain, l'aigle fonce sur Nicolas. Ouf ! Nicolas a pu se cacher avant l'arrivée de l'aigle. « L'aigle va revenir. J'ai une idée pour échapper à l'aigle. Je vais éblouir l'aigle avec la pierre du Soleil. »","Nicolas, Émilie et Léo attendent que l'aigle arrive. Mais il ne les voit pas. Il ne peut pas les rattraper. « Oh non ! Il s'en est fallu de peu. Il va revenir. Heureusement, j'ai une idée ! »","Nicolas, Émilie et Léo sont très inquiets. L'aigle arrive. Il ne voit pas Nicolas. Il court vers eux. Mais il ne peut pas rattraper l'elki. Il l'attrape. « Oh non ! C'est trop tard. Il va revenir. Heureusement, j'ai une pierre. » Émiliae prend la pierre. Elle la prend dans son cou. La pierre brille très fort. Elle attrape le petit elki. Elle l'emmène loin de lui. Mais elle n'arrive pas à le rattra","Nicolas, Émilie et Léo continuent à courir. Mais l'aigle passe au-dessus d'eux sans les voir. Soudain, Nicolas court plus vite que les autres. Il ne peut plus marcher car sa jambe est très fragile. Alors l'agle fonce sur Nicolas. « Oh non ! C'est impossible de rattraper Nicolas ! Heureusement, j'ai une idée. La pierre du Soleil va briller. » Émiliae sort la pierre de son cou. Elle attrape la pierre et la dirige vers les yeux de l"
16,Nous sommes en 1872. Phileas Fogg est un gentleman anglais. On ne sait pas grand-chose de lui. Il est assez mystérieux. Phileas Fogg n'a pas quitté Londres depuis des années.,L'histoire se passe en 1872. Phileas Fogg est le héros anglais de l'histoire. Phileas Fogg vit à Londres. Londres est une ville en Angleterre. lhistoire le héros anglais Londres l'Angleterre,Nous sommes en 1872. Phileas Fogg est un gentleman anglais. On ne sait pas grand-chose de lui. Il est très mystérieux. Il n'a pas quitté Londres depuis des années.,Nous sommes en 1872. Phileas Fogg est un gentleman anglais. On ne sait pas grand-chose de lui. Il est très mystérieux. Il n'a pas quitté Londres depuis des années.,Nous sommes en 1872. Phileas Fogg est un gentleman anglais. On ne sait pas grand-chose de lui. Il est très mystérieux. Il n'a pas quitté Londres depuis des années.
17,"Sept jours après le départ des 2 hommes, le détective Fix fait paraître une dépêche demandant l'arrestation de Phileas Fogg. Le détective Fix pense que Phileas Fogg est le gentleman qui a cambriolé la banque d'Angleterre et qu'il a entrepris ce tour du monde dans le seul but d'échapper à la police.","un détective Il a cambriolé. la banque la police 7 jours après le départ de Phileas Fogg et Passepartout, le détective Fix accuse Phileas Fogg : « C'est Phileas Fogg qui a cambriolé la banque d'Angleterre. Je suis sûr que Phileas Fogg fait le tour du monde pour échapper à la police ! »",Le détective Fix demande l'arrestation de Phileas Fogg. Il pense qu'il a cambriolé la banque d'Angleterre.,Le détective Fix demande l'arrestation de Phileas Fogg. Il pense qu'il a cambriolé la banque d'Angleterre. Il veut partir en voyage. Il ne veut pas être suivi par la police.,Le détective Fix fait paraître une dépêche demandant l'arrestation de Phileas Fogg. Les 2 hommes partent en voyage dans le monde pour échapper à la police.
18,"A Hong-Kong, Phileas Fogg, Passepartout, Fix et Aouda manquent le départ pour le Japon. Passepartout va sur le port pour réserver le bateau. Passepartout rencontre l'inspecteur Fix sur le port. « Le 28 septembre un vol a été commis à la banque d' Angleterre par un individu ressemblant étrangement à Mr Fogg - Mon maître est le plus honnête homme du monde. » L'inspecteur Fix glisse dans la main de Passepartout une pipe chargée d'opium. Passepartout s'endort.","Le train arrive à Hong-Kong. Phileas Fogg, Passepartout et Aouda veulent prendre le bateau pour le Japon. L'inspecteur Fix parle avec Passepartout. « Phileas Fogg a volé la banque d'Angleterre. Il faut m'aider à l'arrêter. - Phileas Fogg n'est pas un voleur ! » L'inspecteur Fix donne de la drogue à Passepartout. Passepartout s'endort. Hong-Kong Il parle. de la drogue . Il s'endort.","Phileas Fogg, Passepartout, Aouda et l'inspecteur Fix arrivent à Hong-Kong. Ils cherchent un bateau pour le Japon. Un vol a été commis par un homme ressemblant étrangement à Mr Fogg. Il prend une pipe d'opium et s'endort.","Phileas Fogg, Passepartout et Aouda arrivent au Japon. Ils voient l'inspecteur Fix sur le port. Il dit : « Un vol a été commis par un homme qui ressemble à Mr Fogg. » Il prend une pipe. Il s'endort.","A Hong-Kong, Phileas Fogg, Passepartout, Aouda et l'inspecteur Fix sont sur le bateau pour aller au Japon. Philes Fogg va sur le port pour réserver un bateau pour le Japon. Le 28 septembre, un vol a été commis à la banque d' Angleterre par un homme ressemblant étrangement à Mr Fogg. L'homme a volé une pipe. Philès Fogg s'endort."
19,"Comment Phileas Fogg a-t-il pu se tromper d'un jour ? En voyageant vers l'Est, il a vu le soleil se lever 80 fois alors que ses amis restés à Londres ne l'ont vu se lever que 79 fois. Peu importe ! En faisant son tour du monde en 80 jours Phileas Fogg a vécu de nombreuses aventures. Il a gagné son pari, mais il a surtout rencontré Aouda, sa charmante épouse, qui le rend le plus heureux des hommes. Ne ferait-on pas pour moins que cela le tour du monde ?",des aventures Il a gagné. Il est très heureux. le tour du monde Phileas Fogg a vécu beaucoup d'aventures. Il a gagné son pari. Il a rencontré Aouda. Il est très heureux. Il a bien fait de faire le tour du monde ! F I N,"Phileas Fogg se trompe un jour. Il voit le soleil 80 fois alors que ses amis restés à Londres ne l'ont vu que 79 fois. Il voyage pendant 80 jours. Il a gagné son pari, mais il a surtout rencontré Aouda, sa femme. Ne ferait-on pas le tour du monde avec Aouda ?",Phileas Fogg voit le soleil 80 fois. Il ne voit pas le soleil. Il voyage. Il gagne son pari. Il rencontre Aouda. Il est très heureux. Il décide de faire le tour du monde. Mais il rate le bateau. Il perd le pari.,"Comment Phileas Fogg a-t-il pu se tromper d'un jour ? En voyageant vers l'Est, il a vu 80 fois le soleil se lever. Alors que ses amis restés à Londres ne l'ont vu que 79 fois. Heureusement, il y a Aouda, sa femme, qui le rend heureux. Ne ferait-on pas le tour du monde en 80 jours ?"
20,"– Monsieur de Peyrehorade nous dit à Jean Coll et moi de déraciner un vieil olivier qui était gelé. Jean Coll qui y allait de tout cœur, il donne un coup de pioche et j'entends bimm... Et voilà qu'il paraît une main noire, qui semblait la main d'un mort. Moi, la peur me prend. Je m'en vais à Monsieur et je lui dis : – Des morts, sous l'olivier ! Il vient et il s'écrie. Vous auriez cru qu'il avait trouvé un trésor. Et le voilà, avec la pioche, avec les mains, qui se démène.","« L'arbre était gelé. Monsieur de Peyrehorade a dit d'enlever l'arbre avec Jean. Jean a tapé sur quelque chose avec une pelle. Quand Jean a tapé, il y a eu un bruit. Une main noire sortait de la terre. J'avais très peur. Je vais voir Monsieur de Peyrehorade. Je dis à Monsieur de Peyrehorade que j'ai vu un mort. Monsieur de Peyrehorade est content. Il dit que c'est un trésor. Il creuse ».","« Jean de Peyrehorade nous dit de déraciner un vieil olivier. Il y a des morts sous l'olivier. J'ai peur. Je vais à Monsieur. Il dit : « Des morts, il y a un trésor ! »","« Il faut déraciner un vieil olivier. Il y a une main noire. J'ai peur. Je vais à Monsieur. Il dit : « Des morts, sous l'olivier. » Il crie : « C'est un trésor ! » Il prend la pioche. Il se débrouille.",« Monsieur de Peyrehorade nous dit de planter un vieil olivier sous l'olivier gelé. J'entends une grosse main noire. Je m'en vais voir Monsieur. Monsieur dit : « Des morts sont cachés sous cet arbre. » « Vous avez cru qu'on avait trouvé un trésor ? » « C'est moi qui ai trouvé la grosse main ! »
21,"Au milieu des allées et venues de ses parents, M. Alphonse de Peyrehorade ne bougeait pas. C'était un grand jeune homme de vingt-six ans, d'une physionomie belle et régulière, mais manquant d'expression. Sa taille et ses formes athlétiques justifiaient bien la réputation d'infatigable joueur de paume qu'on lui faisait dans le pays. Il était ce soir-là habillé avec élégance. Mais il me semblait gêné dans ses vêtements. Ses mains grosses et hâlées contrastaient singulièrement avec son costume. Il ne m'adressa qu'une seule fois la parole dans toute la soirée, ce fut pour me demander où j'avais acheté la chaîne de ma montre.",Monsieur et Madame de Peyrehorade sont agités. Alphonse est le fils de Monsieur et Madame de Peyrehorade. Alphonse ne bouge pas Alphonse est jeune. Il est beau. Il est musclé. Il est bien habillé. Mais Alphonse est mal à l'aise. Ses mains sont moches. Alphonse ne parle pas beaucoup.,Alphonse de Peyrehorade ne bouge pas. Il est grand et beau. Il a une belle figure. Il n'est pas gêné dans ses vêtements. Ses mains sont grosses et hâlées. Il ne m'a pas parlé pendant toute la soirée. Il me demande où j'avais acheté la chaîne de ma montre.,Alphonse de Peyrehorade arrive. Il ne bouge pas. Il est grand. Il a une belle figure. Il joue très bien. Il n'est pas gêné dans ses vêtements. Ses mains sont grosses. Il parle beaucoup. Il me demande où j'ai acheté la chaîne de ma montre.,"Alphonse de Peyrehorade ne bouge pas. Il est grand, il a de belles jambes. Il a une belle gueule. Il n'est pas gêné dans ses vêtements. Ses mains sont grosses et hâlées. Il ne m'a pas demandé où j'avais acheté la chaîne de ma montre."
22,"– Samedi, les jeunes gens mariés, je suis libre, nous nous mettons en course. Je vous réserve une fière surprise pour demain. – Je crois deviner la surprise que vous me préparez, lui dis-je. Mais si c'est de votre statue qu'il s'agit, la description que mon guide m'en a faite n'a servi qu'à exciter ma curiosité. – Demain, au grand jour, vous la verrez, et vous me direz si j'ai raison de la croire un chef-d'œuvre. Je suis bien curieux de savoir comment vous traduirez cette inscription sur le socle : CAVE… Mais je ne veux rien vous demander encore ! À demain, à demain ! Pas un mot sur la Vénus aujourd'hui !","« Samedi les deux jeunes seront mariés. Demain je vous montre une surprise » « Si la surprise c'est la statue, je suis content. Le guide m'a parlé de la statue. » « Demain vous verrez la statue le jour. Vous me direz si vous la trouvez très belle. Moi je la trouve très belle. La statue est posée sur un bloc de pierre. Sur le bloc de pierre, il y a des écritures. Vous me direz demain ce que veulent dire les écritures ».",« Je vous promets une surprise pour demain. » « Je ne sais pas si c'est de votre statue qu'il s'agit. Mon guide m'a dit que c'était un chef-d'œuvre. Je suis curieux de savoir comment vous traduiriez cette inscription sur le socle. Mais je ne veux rien vous demander encore. »,"« Je vais voir la statue demain. Je vais vous dire quelque chose. La statue est un chef-d'œuvre. Je suis curieux de savoir comment vous traduisez la phrase sur le socle. Mais je ne veux rien vous demander. » « À demain, à demain ! » Pas de réponse.","« Je vous réserve une surprise pour demain. » « Je crois deviner la surprise que vous me préparez. Mais si c'est de votre statue qu'il s'agit, je n'ai pas besoin de vous dire quoi que ce soit. Demain, vous verrez la statue et vous me direz si j'ai raison de croire que c 'est un chef-d'œuvre. Je suis curieux de savoir comment vous traduisez la grosse inscription sur le socle. Je ne veux rien vous demander encore. À demain, à demain ! Pas un mot"
23,"Le souper finit. J'étais fatigué. Mme de Peyrehorade s'en aperçut et remarqua qu'il était temps d'aller dormir. Je montai enfin à la chambre qui m'était destinée, accompagné de M. de Peyrehorade. L'escalier, dont les marches étaient en bois, aboutissait au milieu d'un corridor, sur lequel donnaient plusieurs chambres. – À droite, me dit mon hôte, c'est l'appartement que je destine à la future Mme Alphonse. Votre chambre est au bout du corridor opposé. Nous entrâmes dans une chambre bien meublée, avec un lit long et si haut qu'il fallait un escabeau. Mon hôte, m'ayant indiqué la position de la sonnette, me souhaita une bonne nuit et me laissa seul.",Je suis fatigué. « Vous êtes fatigué. Allez dormir. » Je monte dans ma chambre avec M de Peyrehorade. Il y a un escalier. L'escalier va à plusieurs chambres. « À droite c'est la chambre de la future femme d'Alphonse. Votre chambre est loin à gauche. » La chambre est grande. Dans la chambre il y a un grand lit. M de Peyrehorade me montre la sonnette pour appeler si j'ai besoin de quelque chose. « Bonne nuit ! »,J'étais fatigué. Mme de Peyrehorade me dit qu'il est temps de dormir. Je monte dans la chambre. Il y a un escalier. Je vois une grande chambre avec un lit long et un escabeau. Mon hôte me dit de dormir dans cette chambre.,Il est tard. Mme de Peyrehorade voit que je suis fatigué. Je monte dans la chambre. Il y a un escalier. Je vois une chambre. Mon hôte me dit : « C'est l'appartement pour la future maman. » Je vais dans cette chambre. Je suis dans une chambre avec un lit long et un escabeau. Il me laisse seul.,"Monsieur de Peyrehorade est fatigué. Il faut aller dormir dans la chambre de la future mariée. Je monte dans l'escalier. La chambre est à droite. « À droite, c'est l'appartement de madame Alphonse. Votre chambre est au bout du corridor. Nous allons dans une chambre bien meublée avec un lit long et un escabeau. » « Je vais dormir dans cette chambre. »"
24,"Ils s'arrêtèrent pour regarder la statue ; un d'eux l'apostropha même à haute voix. – Te voilà donc, coquine ! Te voilà ! Disait-il. C'est donc toi qui as cassé la jambe à Jean Coll ! Si tu étais à moi, je te casserais le cou. – Bah !, avec quoi ? dit l'autre. Elle est de cuivre, et si dure qu'Étienne a cassé sa lime dessus, essayant de l'entamer. C'est plus dur que je ne sais quoi. – Si j'avais mon ciseau à froid je lui ferais bientôt sauter ses grands yeux blancs, comme je tirerais une amande de sa coquille. Il y a pour plus de cent sous d'argent. Ils firent quelques pas en s'éloignant.","« Tu es là coquine ! C'est toi qui as cassé la jambe de Jean. Si tu étais à moi, je te casserai le cou » « Tu lui casserais le cou avec quoi ? Un garçon a essayé de casser la statue avec un outil. Mais la statue est très dure. La statue a cassé l'outil. » « Si j'avais mes outils, j'enlèverai les grands yeux blancs de la statue. Je gagnerais beaucoup d'argent si je vends les yeux de la statue. » Les garçons partent.","« Tu as cassé la jambe à Jean Coll ! Si tu étais à moi, je te casserais le cou. » Étienne a cassé sa lime. « C'est plus dur que je ne sais quoi. Si j'avais mon ciseau, je tirerais une amande de sa coquille. » Ils s'arrêtent pour regarder la statue.","« Tu as cassé la jambe à Jean ! Si tu étais à moi, je te casserais le cou. » « Avec quoi ? » « La statue est de cuivre. Étienne a cassé sa lime. Je vais la casser avec un ciseau. » Ils regardent la statue. Il y a de l'argent. Ils s'arrêtent.","« Tu as cassé la jambe de Jean Coll ! Si tu étais à moi, je te casserais le cou. » « La statue est de cuivre. La pierre est très dure. Je ne sais pas quoi faire avec la pierre. Je vais tacher la statue avec mon ciseau. Je tirerais une amande de sa coquille. » Les 2 amis font quelques pas."
25,"– Il faut que je souhaite le bonsoir à l'idole, dit le plus grand des apprentis, s'arrêtant tout à coup. Il se baissa, et probablement ramassa une pierre. Je le vis déployer le bras, lancer quelque chose, et aussitôt un coup sonore retentit sur le bronze. Au même instant l'apprenti porta la main à sa tête en poussant un cri de douleur. – Elle me l'a rejetée ! s'écria-t-il. Et mes deux polissons prirent la fuite à toutes jambes. Il était évident que la pierre avait rebondi sur le métal, et avait puni ce drôle. Je fermai la fenêtre en riant de bon cœur. – Encore un Vandale puni par Vénus ! Je m'endormis.",« Je dois dire bonsoir à la statue ». Le garçon s'arrête. Le garçon se baisse. Il prend une pierre. Il jette la pierre sur la statue. On entend un grand bruit. Un garçon met sa main sur sa tête. Le garçon a mal. « La statue m'a rejeté la pierre ! » Les deux garçons partent en courant. La pierre a rebondi sur la statue. C'est bien fait pour eux. La statue a puni les deux garçons. Je m'endors.,« Je veux dire bonjour à l'idole. » L'apprenti s'arrête. Il lance une pierre. La pierre tombe sur le métal. Il pleure. Il s'endort.,« Je veux dire bonjour à l'idole. » L'apprenti s'arrête. Il lance une pierre. La pierre tombe sur le métal. Il crie. « La pierre m'a blessé. » Il se sauve. Il pleure. Il s'endort.,« Il faut que je souhaite le bonsoir à l'idole. » L'apprenti s'arrête. Il lance une pierre sur le bronze. La pierre rebondit sur le métal. « La pierre m'a renvoyé ! » Les 2 apprentis sortent de la chambre. « Encore un Vandale puni par la statue ! » Je m'endors.
26,"En cinq minutes je fus prêt, c'est-à-dire à moitié rasé, mal boutonné, et brûlé par le chocolat que j'avalai bouillant. Je descendis dans le jardin, et me trouvai devant une admirable statue. C'était bien une Vénus et d'une merveilleuse beauté. Elle avait le haut du corps nu ; la main droite, levée à la hauteur du sein, était tournée. L'autre main, rapprochée de la hanche, soutenait la draperie qui couvrait la partie inférieure du corps.",Je me prépare vite. Je descends dans le jardin. Dans le jardin je vois une belle statue. La statue est très jolie. La statue a les seins nus. La statue a la main droite levée. La main gauche de la statue tient le tissu qui couvre le bas. Le corps de la statue est parfait.,"En cinq minutes, je suis prêt. Je vois une statue. La statue est très belle. La main de la femme est tournée vers le haut du corps. L'autre main soutenait la draperie.",Je suis prêt. Je vois une statue. La statue est belle. Elle a le corps nu. La main de la statue tourne vers le sein. Elle tient la draperie. Elle est près de la hanche. C'est une femme très belle.,"En cinq minutes, je suis prêt. Je vais dans le jardin. Je vois une statue. La statue est belle. Elle a le haut du corps nu. La main droite de la statue tourne autour de la poitrine. L'autre main soutenue par la hanche porte la draperie qui couvre la partie inférieure du corps."
27,"– Humph ! dit M. de Peyrehorade, Oui, c'est un sens admirable ; mais je préfère la première traduction – C'est une terrible langue que le latin », observai-je. Et je reculai de quelques pas afin de mieux contempler la statue. – Un instant, dit monsieur de Peyrehorade, il y a encore une autre inscription. Montez sur le socle et regardez au bras droit."" Je m'accrochai au cou de la Vénus. Je lus donc. – Ce qui veut dire, me demanda mon hôte souriant avec malice ? – TURBUL m'embarrasse fort. – Voyons, que diriez-vous de TVRBVLENTA ? Vénus qui trouble, qui agite… Vous vous apercevez que je suis toujours préoccupé de son expression méchante ».","« Oui ! C'est un beau sens. Mais sans vous embêter, je préfère la première traduction ». « Le latin est une langue ancienne. Le latin est difficile. » Je recule pour voir la statue. « Regardez, il y a une autre écriture au bras droit ». Je vais regarder. Sur le bras, je vois une écriture ancienne. Je la lis. « Ça veut dire quoi ? » Monsieur de Peyrehorade s'amuse. « Je réfléchis à son air méchant. Ça veut dire : femme agitée ! »",« Humph ! Il y a une autre inscription. Montez sur le socle et regardez la statue. Je m'accroche au cou de la Vénus. » « Que diriez-vous de TVRBVLENTA ? Il m'embarrasse fort. »,« Humph ! La statue est écrite en latin. » Je recule. Je regarde la statue. Il y a encore une autre inscription. Je m'accroche au bras. Je lis. « C'est quoi ? » Mon hôte me demande : « Que diriez-vous de TVRBVLENTA ? » Je réponds : « Il est méchant. »,« Humph ! Je préfère la première traduction. » « C'est une terrible langue que le latin. Regardez la statue. Il y a encore une autre inscription. Montez sur le socle et regardez au bras droit. » Je m'accroche au cou de la statuette. « Ce qui veut dire : « La statue a une expression méchante ». « Que diriez-vous de TVRBVLENTA ? »
28,"– Avez-vous appris quelque chose de Mme Alphonse ? demandai-je au procureur. – Cette malheureuse jeune personne est devenue folle, me dit-il. Voici ce qu'elle conte : elle était couchée, dit-elle, lorsque la porte de sa chambre s'ouvrit, et quelqu'un entra. Alors Mme Alphonse était dans la ruelle du lit. Elle ne fit pas un mouvement, persuadée que c'était son mari. Au bout d'un instant, le lit cria comme s'il était chargé d'un poids énorme. Elle eut grand peur, mais n'osa pas tourner la tête. Cinq minutes, dix minutes peut-être… elle ne peut se rendre compte du temps… se passèrent de la sorte.",Je parle avec la police. « La mariée vous a dit quelque chose ? » « Cette jeune personne est devenue folle ! Elle m'a raconté ce qu'elle a vu. » « Je me suis couchée dans la chambre. La porte de la chambre s'ouvre. Quelqu'un entre dans la chambre. Je ne bouge pas. Je pense que la personne est Alphonse. Le lit fait beaucoup de bruit. Le lit fait du bruit comme si une personne énorme était dessus. J'ai très peur. Je ne regarde pas. »,« Avez-vous appris quelque chose de Mme Alphonse ? »,"« Avez-vous appris quelque chose de Mme Alphonse ? » Le policier demande. « Elle est folle. Elle est couchée. Quand quelqu'un arrive, elle ne bouge pas. Elle voit que c'est son mari. Le lit est très lourd. Elle a très peur. Elle ne peut pas bouger. Cinq minutes, dix minutes peut-être. C'est trop de temps. »","« Avez-vous appris quelque chose de Mme Alphonse ? » « Elle est devenue folle. Elle est couchée dans sa chambre. Un homme entre dans la chambre. La porte s'ouvre. La personne est dans le lit. Elle ne fait pas un mouvement. C'est son mari. Le lit crie comme s'il était un poids énorme. Elle n'ose pas tourner la tête. Cinq minutes, dix minutes peut-être, elle ne peut rien dire. »"
29,"Quelques heures après les funérailles de M. Alphonse, je me disposai à quitter llle. La voiture de M. de Peyrehorade devait me conduire à Perpignan. Malgré son état de faiblesse, le pauvre vieillard voulut m'accompagner jusqu'à la porte de son jardin. Nous le traversâmes en silence. Au moment de nous séparer, je jetai un dernier regard sur la Vénus. M. de Peyrehorade tourna machinalement la tête du côté où il me voyait regarder fixement. Il aperçut la statue et aussitôt fondit en larmes. Je l'embrassai, et, sans oser lui dire un seul mot, je montai dans la voiture.",C'est l'enterrement d'Alphonse. Je m'en vais. Je marche avec M. de Peyrehorade. Monsieur de Peyrehorade regarde la statue Monsieur de Peyrehorade se met à pleurer. J'embrasse Monsieur de Peyrehorade. Je pars.,"Quelques heures après les funérailles, je vais à Perpignan. Le vieillard m'accompagne. Je regarde la statue. Je pleure. Je monte dans la voiture.",« Je vais à Perpignan. Le vieillard m'accompagne. Je vais vers la porte. Je regarde la statue. Il me regarde. Je pleure. Je monte dans la voiture. Il m'embrasse. Je suis triste. »,Alphonse est mort. Je vais à Perpignan. Monsieur de Peyrehorade m'accompagne jusqu'à la porte de son jardin. Je regarde la statue. Je tourne machinalement la tête. Je vois la statuette. Je pleure. Je monte dans la voiture.
30,"On fait, à New York, les préparatifs d'une expédition. Le commandant Farragut presse activement l'armement de sa frégate « l'Abraham-Lincoln » Trois heures avant que « l'Abrahm-Lincoln » ne quitte le port de Brooklyn, Pierre Aronnax, professeur au muséum de Paris reçoit une lettre : « Si vous voulez vous joindre à l'expédition de « l'Abraham-Lincoln », le commandant Farragut tient une cabine à votre disposition. »",Le commandant Farragut est américain. Le commandant Farragut a un bateau. Pierre Aronnax est : • français • professeur dans un musée • journaliste Le commandant invite Pierre Aronnax pour chasser la chose bizarre.,"Pierre, professeur au muséum, prépare une expédition. Le commandant Farragut prépare une frégate pour l'expédition de « l'Abraham-Lincoln ». Pierre écrit au commandant : « Si vous voulez nous rejoindre, le commandant tient une cabine à votre disposition. »",Pierre et le commandant préparent une expédition. Ils voient un bateau. Le bateau arrive à New York. Pierre écrit au commandant : « Vous pouvez venir avec moi. » Le commandant dit : « Le bateau est prêt. »,"Le commandant Farragut prépare l'armement de la frégate « l'Abraham-Lincoln ». Pierre, professeur au muséum de Paris, donne une lettre à Pierre : « Si vous voulez vous joindre à l'expédition, la cabine du commandant est à votre disposition. »"
31,"Pierre Arronax passe ensuite dans un salon immense et splendidement éclairé. Une main intelligente et prodigue y a réuni tous les trésors de la nature et de l'art. Une trentaine de tableaux de maîtres ornent les parois tendues de tapisseries. Auprès des œuvres d'art, les raretés naturelles tiennent une place très importante. Elles consistent principalement en plantes, en coquilles et autres productions de l'océan. Pierre Arronax voit là, une collection d'une valeur inestimable.","Le capitaine Nemo montre ensuite son salon Dans le salon du capitaine Nemo, il y a : • des tableaux • des coquillages et des coraux • des mollusques et des étoiles de mer. Le salon du capitaine Nemo ressemble à un musée.",Pierre arrive dans un grand salon. Il y a beaucoup d'objets de la nature et de l'art. Des tableaux de maîtres et des œuvres d'art sont dans le salon. Pierre voit une collection de plantes et de coquilles.,"Pierre arrive dans un grand salon. Il y a beaucoup de choses. Il voit des tableaux. Il trouve des choses rares. Il cherche des plantes, des coquilles et des plantes de l'océan. Pierre trouve une collection de plantes et d'objets.","Pierre se promène dans le salon. Dans le salon, il y a : • des tableaux • des tapisseries • de la nature • des plantes • des coquilles • de l'océan. Pierre voit une collection de plantes et d'objets naturels."
32,"Pendant plusieurs jours, le Nautilus flotte dans des ondes brillantes. Pierre Aronnax admire les gros animaux marins. Il voit des marsouins élégants et rapides et des poissons scies longs de 3 mètres. C'est un éblouissant spectacle ! Le 19 janvier, le capitaine Nemo ouvre la porte du salon : « Etes-vous médecin, monsieur Aronnax ? – En effet, je suis docteur. » Le capitaine Nemo conduit Pierre Aronnax dans une cabine. Là, sur un lit, repose un homme blessé. Le crâne fracassé montre la cervelle à nu. « Cet homme sera mort dans 2 heures. »","Le 16 janvier, Pierre, Ned, Conseil et le capitaine Nemo voient des marsouins et des poissons scies. Le 19 janvier, le capitaine Nemo est triste car un de ses amis est blessé. Pierre est médecin, alors il va soigner l'ami du capitaine. « La blessure est très grave. Je suis désolé, votre ami va mourir. »","Pendant plusieurs jours, le Nautilus flotte dans des ondes brillantes. Pierre voit des marsouins et des poissons scies longs de 3 mètres. Le capitaine Nemo dit à Pierre : « Etes-vous médecin, monsieur Aronnax ? »","Le bateau est dans l'obscurité. Pierre voit des animaux. Il voit des marsouins et des poissons. Le capitaine Nemo dit : « Etes-vous médecin, monsieur Aronnax ? » Pierre est blessé. Il met un homme dans une cabine. Il meurt dans 2 heures.","Pendant plusieurs jours, le Nautilus navigue dans des ondes brillantes. Pierre voit des marsouins et des poissons scies de 3 mètres. Le 19 janvier, le capitaine Nemo demande à Pierre : « Etes-vous médecin, monsieur Aronnax ? » Pierre dit : « Oui, je suis docteur. » Le capitaine conduit Pierre dans une cabine. Dans la cabine, un homme est blessé. Le crâne de l'homme blessé est cassé. L'homme est mort dans 2 heures."
33,"Le lendemain, accompagnés de Nemo et d'une douzaine d'hommes d'équipage, Pierre Aronnax, Ned Land et Conseil prennent pied à une profondeur de 10 mètres sur le sol ferme où repose le Nautilus. C'est le royaume du corail, ces forêts pétrifiées que la nature a planté au fond des mers. Au milieu d'une clairière, se dresse une croix en corail. Un homme commence à creuser un trou au pied de la croix. Cette clairière est un cimetière. Le capitaine Nemo et ses hommes enterrent leur compagnon au fond de l'océan. Le capitaine et ses hommes recouvrent la tombe. Ils s'agenouillent et étendent leur main en signe de suprême adieu.","L'ami du capitaine Nemo est mort. Pierre, Conseil, Ned, le capitaine Nemo et des marins descendent au fond de l'océan. Ils voient : • une magnifique barrière de corail. • une croix en corail. Ils creusent un grand trou à côté de la croix pour enterrer l'ami du capitaine Nemo.","Le lendemain, Pierre, Ned et Conseil arrivent au fond de l'océan. Il y a une croix en corail. Un homme creuse un trou au pied de la croix. Le capitaine Nemo et ses hommes enterrent leur compagnon. Ils s'agenouillent et lui disent un dernier adieu.",Le bateau arrive au fond de l'océan. Il y a un royaume de corail. Un homme creuse une croix. C'est un cimetière. Le capitaine Nemo et ses hommes enterrent le bateau. Ils s'agenouillent. Ils disent un grand adieu.,"Le lendemain, Pierre, Ned et Conseil plongent à 10 mètres de profondeur dans l'océan. Le Nautilus est caché dans une forêt. Il y a une croix en corail. Pierre creuse un trou au pied de la croix. La croix est un cimetière. Le capitaine Nemo et ses marins enterrent leur ami dans la tombe de son ami."
34,"Le Nautilus arrive dans la mer Méditerranée. Le lendemain, il navigue vers l'île de Crète. Le soir, au salon, le capitaine Nemo semble préoccupé. Il ordonne d'ouvrir les deux panneaux du salon. Il observe attentivement la masse des eaux. Soudain un plongeur, portant une bourse de cuir apparaît. Le capitaine Nemo lui fait un signe et le plongeur lui répond. Ensuite, le capitaine se dirige vers un meuble rempli de lingots d'or. Il prend les lingots et les range dans un coffre. Quatre hommes paraissent et poussent le coffre hors du salon. Le capitaine quitte le salon et Pierre Aronnax rentre dans sa chambre, fort intrigué.","Le 10 février, le Nautilus est à côté de la Crête. La Crête est dans la mer Méditerranée. Pierre et le capitaine Nemo voient un plongeur par la fenêtre. Le capitaine Nemo et le plongeur se saluent. Le capitaine Nemo met des lingots d'or dans un coffre. 4 hommes emportent le coffre. « C'est bizarre ! »",Le Nautilus arrive dans la mer Méditerranée. Il navigue vers l'île de Crète. Le capitaine Nemo regarde les eaux. Un plongeur apparaît. Il demande au capitaine de prendre des lingots d'or. Il prend les lingots et les range dans un coffre. Les trois hommes poussent le coffre hors du salon. Pierre rentre dans sa chambre.,Le Nautilus arrive en mer. Il navigue vers l'île de Crète. Le capitaine Nemo est inquiet. Il ouvre le salon. Il voit un plongeur. Il lui parle. Il montre des lingots d'or. Il prend les lingots et les range dans un coffre. Des hommes sortent du salon. Pierre rentre dans sa chambre. Il est très inquiet.,"Le Nautilus arrive le lendemain à l'île de Crète. Le capitaine Nemo est inquiet. Il ouvre les deux fenêtres du salon. Soudain, un plongeur ouvre la fenêtre. Le plonger montre un sac rempli de lingots d'or. Les lingots sont dans un coffre. Les 4 hommes poussent le coffre hors de la chambre du capitaine. Pierre rentre dans sa chambre."
35,"Pierre Aronnax se réveille fort tard le lendemain, Il raconte son excursion nocturne à Conseil. Il lui raconte l'histoire des habitants de l'Atlantide mais Conseil est distrait par les nombreux poissons et ne regarde pas le continent submergé. Le 14 mars, Pierre Aronnax aperçoit des glaces flottantes et le 16 mars, le Nautilus coupe le cercle polaire antarctique. Les glaces entourent le Nautilus de toutes parts et ferment l'horizon. Ils sont devant la banquise : une interminable et immobile barrière formée de montagnes de glaces soudées entre elles.","Le capitaine Nemo et Pierre rentrent dans le Nautilus. Pierre veut dire ce qu'il a vu à Conseil mais Conseil préfère regarder la mer. Le 14 mars, Pierre et Conseil voient des icebergs. Les icebergs sont des gros blocs de glace qui flottent sur l'eau. Le 16 mars, le Nautilus arrive au pôle Sud.","Pierre se réveille. Il raconte l'histoire des habitants de l'Atlantide. Il ne voit rien. Il voit des glaces flottantes. Le 16 mars, le Nautilus coupe le cercle polaire antarctique. Les glaces bloquent l'horizon. Il y a une grande barrière de glace.",Pierre se réveille. Il raconte l'histoire aux marins. Il ne voit pas le bateau. Il voit des glaces. Le bateau coule. Les glaces entourent le Nautilus. Il n'y a plus de lumière. Il y a une grande barrière de glace.,"Pierre se réveille le lendemain. Il raconte son excursion dans l'Atlantide à Conseil. Conseil ne voit pas le Nautilus. Le 14 mars, Pierre voit des glaces flottantes sur l'océan Antarctique. Les glaces entourent les bateaux de toutes parts. Les bateaux sont devant la banquise."
36,"Les marins deviennent enragés contre les monstres. Dix ou douze poulpes envahissent la plateforme. Le harpon de Ned Land plonge dans les yeux glauques des calmars. Mais Ned Land est soudain renversé par les tentacules d'un monstre qui ouvre son bec pour le couper en deux. La hache du capitaine Nemo disparait entre les deux mandibules et, sauvé, Ned Land plonge son harpon tout entier jusqu'au cœur du poulpe. Les monstres vaincus, mutilés, frappés à mort, disparaissent enfin dans les flots. La Nautilus navigue vers le Nord.","D'autres krakens arrivent sur le Nautilus. Ned crève les yeux des krakens avec son harpon. Un kraken attrape Ned dans son bec. Le capitaine Nemo sauve Ned. Les krakens partent enfin. Le Nautilus navigue vers le Nord jusqu'au 30 mai. Le 30 mai, le Nautilus est proche de l'Angleterre.","Les marins sont enragés contre les monstres. Ned plonge dans les yeux glauques des calmars. Un monstre ouvre son bec pour couper Ned. Le capitaine Nemo sauve le poulpe. Les monstres sont blessés, mutilés et tués. Le bateau part vers le Nord.",Le bateau est attaqué par des poulpes. Le bateau coule. Un monstre coupe le bateau. Le capitaine Nemo sauve le poulpe. Il plonge le harpon dans les yeux glauques des calmars. Ned est blessé. Il est sauvé. Les monstres sont tués. Le Nautilus navigue vers le Nord.,Les marins sont en colère contre les poulpes. Le capitaine Nemo plonge son harpon dans les yeux glauques des calmars. Le harpon de Ned tombe dans les tentacules d'un monstre qui ouvre son bec pour couper le poulpe en deux. Le chef des marins sauve le chef des monstres. Les monstres sont tués. Le Nautilus navigue vers le Nord.
37,"Le temps est clair, la mer est calme. Nous suivons les côtes anglaises. L'emplacement de chacun pour la pêche est tiré au sort pour ne pas provoquer de différence entre les hommes. Cet emplacement sera définitif pour toute la campagne. Plus nous avançons, plus il fait froid. La flotte partie de Dunkerque s'est éparpillée. Nous nous collons à nos tâches avec grand sérieux. Père nous apprend à nous servir du sextant, du compas. Parfois, durant les nuits où l'on voit les étoiles, père nous réveille pour nous montrer les dessins qu'elles forment. Papa connaît aussi le sujet des phares sur le bout des doigts. « Les côtes anglaises sont les plus illuminées du monde avec leurs 54 feux contre 14 en France. » Le jour, c'est grâce aux amers que nous nous repérons quand nous approchons des côtes.",Les marins tirent au sort leur place pour pêcher. Ils gardent la même place pendant 6 mois. Le père de Jules explique aux mousses : • le matériel pour naviguer • les étoiles • les phares. En 1888 : • Il y a 54 phares en Angleterre • Il y a 14 phares en France.,"Nous naviguons sur la mer calme. Nous choisissons un emplacement pour pêcher. Plus il fait froid, plus il y a de bateaux. Papa nous montre les étoiles. Il nous montre aussi les phares.",C'est la nuit. Il fait froid. Il y a beaucoup de bateaux. Papa montre les étoiles. Il montre les phares. Les phares sont très lumineux. Il voit les bateaux quand il voit la mer. Les bateaux pêchent sur les côtes anglaises.,Les marins pêchent sur les côtes anglaises. Le père de Jules donne les emplacements aux marins pour pêcher. Jules apprend à dessiner les étoiles. Les phares éclairent les routes. Le phare sert à repérer les bateaux quand ils naviguent près des côtes.
38,"Je regarde droit devant moi. « Terre, terre, Islande en vue. Oui mon gars, c'est l'Islande. Bienvenue au pays de glace. » Nous écarquillons nos yeux. Cette Islande est majestueuse, vêtue de son manteau blanc. Joseph s'égaie : « Nous sommes les premiers, nous sommes les premiers ! » Clovis nous explique : « Toutes ces montagnes blanches sont des volcans recouverts de neige. Ce qui paraît inoffensif peut se transformer en véritable terreur.","Les marins voient une terre. C'est l'Islande. L'Islande est belle et toute blanche. Le bateau de Jules est arrivé le premier à Islande. Les montagnes d'Islande sont des volcans, alors ça peut être dangereux.",Je regarde l'Islande. Il y a de la glace. Nous écarquillons nos yeux. Nous voyons une Islande majestueuse. Le père de Clovis dit : « Nous sommes les premiers ! »,Il regarde l'Islande. Il voit une grande Islande. Il écarquille ses yeux. Il dit : « Nous sommes les premiers ! » Il voit des montagnes blanches. C'est dangereux. Mais il y a de la neige.,C'est l'Islande. Les Islandais regardent droit devant eux. Ils voient une grande Islande blanche. « Nous sommes les premiers ! » Clovis et Joseph voient des volcans recouverts de neige. La neige peut faire peur aux Islandais.
39,"Pour la sécurité des hommes, le tonnelier et le saleur amarrent les tonnes avec les bouts afin de les bloquer en cas de roulis. Maintenant nous patientons. Le capitaine observe le ballet des macareux. Nous les suivons car ils repèrent les bancs de poissons. Nous sommes habillés chaudement : le suroît sur la tête, le pull de laine, le tablier et les manchettes cirés à l'huile de lin pour protéger le torse et les avant-bras. A nos pieds sont posés des paniers avec les lignes de pêche. Ces dernières sont descendues à différentes profondeurs. Le but consiste à tomber pile sur ce satané banc de morues. Ça y est, nous sommes dans le banc, les morues sont claquées sur le pont. La chance est avec nous, la pêche va durer des heures, j'ai les doigts gelés. Les marins ne prennent que vingt à trente minutes de pause pour manger.",Les tonnes sont attachées sur le bateau pour ne pas blesser les marins. les macareux savent où sont les poissons. Les marins suivent les macareux pour trouver les poissons. Il fait très froid. Les marins portent des habits chauds. Ils descendent les lignes jusqu'aux morues. Il y a beaucoup de morues. La pêche dure longtemps.,Les marins mettent des tonnes avec des bouts de bois. Les bateaux pêchent des morues. Il y a des heures de pêche. Il fait très froid. Les gens prennent beaucoup de temps pour manger.,Les marins mettent des tonnes avec des bouts de bois. Ils voient des bateaux. Ils suivent le bateau. Ils sont habillés. Ils mettent du suroît sur leur tête. Ils pêchent avec des lignes de pêche. Ils tombent sur un banc de morues. Le bateau coule. Il y a des heures de pêche pendant que les marins mangent.,"Le tonnelier et le saleur amarrent les tonnes avec des bouts de bois pour éviter les vagues. Les marins sont habillés chaudement : • pull de laine, • manchettes cirés à l'huile de lin, • des paniers avec les lignes de pêche. Le but du jeu est de tomber pile sur le banc de morues. Les morues sont claquées sur le pont."
40,"Nous avons passé le banc de poissons mais ce n'est pas pour autant que le travail diminue, au contraire ! La moitié de l'équipage nettoie les bêtes. Les matelots deviennent décolleurs et décapitent l'animal. Puis ils le lavent dans un grand panier. Ensuite c'est au trancheur de prendre la relève. Il enlève l'arête centrale, il récupère la langue, les joues et le foie. Quelques têtes entières de morues sont mises à part pour préparer le bouillon du soir. Nous devons saler les morues directement sur le bateau pour la conserver. Le sang jaillit des morues, imprègne nos vêtements. Tout est rouge ! Le sang s'écoule sous nos pieds. « Plus une goutte de sang sur la bestiole avant le salage, vous le savez les gars. Les meilleurs pêcheurs sont les Dunkerquois.»","Quand la pêche est finie, les marins nettoient et découpent les morues : • pour prendre les joues, • pour prendre les langues • pour prendre les foies • pour préparer la soupe avec les têtes. Pour conserver les morues, il faut : • bien laver les morues pour ôter le sang • saler les morues sur le bateau. Les Dunkerquois sont les meilleurs pêcheurs de morues.","« Nous avons passé le banc de poissons. Nous nettoyons les bêtes. Ensuite, le trancheur prend les morues. Il enlève l'arête centrale, il récupère la langue, les joues et le foie. Nous devons saler la morue pour la conserver. Le sang des morues coule sous nos pieds. »",Il y a du sang sur les bateaux. Il faut saler les morues. Le sang de la morue coule sur nos pieds. Il n'y a plus de sang. C'est trop de sang pour pêcher. Les bateaux pêchent les Dunkerquois.,"Les marins nettoient les bancs de morues. Ensuite les marins décollent les morues avec un couteau. Le trancheur enlève les arêtes centrales, il récupère la langue, les joues et le foie. Le sang des morues coule sur les pieds des marins."
41,"En moins d'une minute, chaque marin découpe 10 morues et les met en tonne. Après quelques jours de première salaison, on ressort les morues, on les rince dans leur saumure, on les égoutte, on les replace en fûts recouvertes d'une mince couche de sel. Trop de salaison, c'est foutu. Pas assez, c'est foutu aussi. C'est tout un art. Les langues, « kêlebet'ches » et les joues, « kakestecks » subissent le même sort. Le soir tombe et nous les mousses, épuisés, rinçons encore et encore le pont. Une agréable odeur nous chatouille les narines. Une bonne soupe nous attend, puis nous tomberons dans les bras de Morphée.","1 marin prépare 10 morues par minute. Il faut bien doser le sel pour les morues, sinon les morues sont foutues. Le soir, les marins nettoient le bateau. Après, ils mangent de la soupe. Après, ils sont épuisés, alors ils dorment.","Les marins découpent 10 morues. Après, les marins mettent les morues dans de l'eau salée. Trop de saumure, c'est foutu. Les langues, les joues et les langues tombent. Le soir, nous rinçons encore et encore le pont. Une odeur de soupe nous réveille.","Le bateau découpe 10 morues. Il met les morues dans de la saumure. Après, il les égoutte. Il les met dans des fûts. Il y a trop de sel. Les langues tombent. Les marins rincent encore et encore le bateau. Il sent l'odeur de la soupe. Ils tombent dans les bras de Morphée.","Les marins découpent 10 morues et les mettent en tonne. Après, les marins rincent les morues dans de la saumure. Ensuite, ils égouttent et ils mettent dans des fûts recouverts d'une couche de sel. Trop de salaison, c'est foutu. Pas assez de morues, ça fait mal aux langues et aux joues. Le soir tombe et nous rinçons encore et encore le pont. Une odeur de soupe nous attend."
42,"Au petit jour, j'aperçois un bonhomme de neige à la barre. C'est Philippe, le timonier. Seul est visible, son petit bout de cigarette. Des murs de neige nous entourent. Père nous demande de jeter de l'eau de mer sur le pont pour faire fondre cette neige aussi jolie que gênante. Nous faisons ensuite fondre de la neige pour récupérer de l'eau douce pour la cuisine. Le vent se met de la partie pour tout arranger. Il faut s'éloigner des côtes, le risque devient trop grand. Impossible de pêcher. Nous sommes dans des creux de 6 mètres. Une heure plus tard, incroyable, plus un pet de vent. C'est l'embellie ! Les oiseaux, rassurés de voir ce ciel dégagé, réapparaissent peu à peu. Au large, nous remarquons à nouveau les baleines, les côtes islandaises sont de toute beauté.","C'est le matin. Jules voit Philippe sur le pont. Philippe est tout blanc car il a neigé. Les marins jettent du sel sur le pont du bateau pour enlever la neige. Les marins chauffent la neige pour avoir de l'eau douce. Soudain, le vent se lève, la mer est dangereuse. Ça dure une heure, puis le beau temps revient. Les marins revoient : • des oiseaux • des baleines • les côtes de l'Islande.","Il y a de la neige sur le bateau. Le père demande de mettre de l'eau de mer sur le pont. Le vent arrive. Il faut s'éloigner des côtes, il y a des creux de 6 mètres. C'est l'embellie. Les oiseaux apparaissent peu à peu.",Il y a de la neige sur le bateau. Le père demande de mettre de l'eau sur le pont. Il fait fondre de la glace. Il faut s'éloigner des côtes. Il neige trop. Il n'y a plus de bateau. Les oiseaux arrivent. Les bateaux voient des baleines. C'est beau.,Le père de Jules voit un bonhomme de neige à la barre du bateau. Le bonhomme ne voit pas Philippe. Il ne voit que son petit bout de cigarette. Il fait fondre la neige sur le pont pour faire fondre de l'eau de mer. Les marins pêchent dans des creux de 6 mètres. Il n'y a plus de vent. C'est l'été ! Les oiseaux sont rassurés. Les baleines sont belles.
43,"Nous arrivons au mois de mai, les jours rallongent bien. On passe d'un ciel gris et tourmenté, à un beau ciel bleu avec un soleil froid de 10 degrés. On me remet une lettre de maman pour papa. Maman n'est pas au courant. Les courriers se sont croisés. Maman a déposé des fleurs de muguet et de lilas séchées, dans un linge, entre les feuilles de sa lettre. Elle nous parle de sa grossesse qui se passe à merveille, malgré sa fatigue. Elle écrit au sujet de mon petit frère. Il est très sage et ma grande sœur est très courageuse. Elle déclare beaucoup prier pour nos vies et notre retour. Je craque et mes larmes coulent le long de mes joues.",C'est le mois de mai : • le jour dure plus longtemps • le temps s'améliore. La mère de Jules a écrit au père de Jules car elle ne sait pas encore que son mari est mort. La mère de Jules a écrit : • sa grossesse se passe bien • le frère de Jules est sage • la sœur de Jules est courageuse • elle prie pour Jules et son père.,C'est le mois de mai. Il fait beau. Il pleut. Maman écrit au sujet de mon petit frère. Elle prie pour son retour. Je pleure et mes larmes coulent sur mes joues.,C'est le mois de mai. Il fait beau. Il pleut. Maman donne une lettre à papa. Il n'est pas au courant. Il met des fleurs de muguet et de lilas sur sa lettre. Il écrit au sujet de son petit frère. Il est courageux et il pleure. Je pleure et je pleure aussi.,C'est le mois de mai. Les jours rallongent. Il fait beau mais il fait froid. Maman reçoit une lettre de Jules. Jules n'est pas au courant car Jules ne sait pas que maman a envoyé une lettre à Jules pour lui dire de prier pour le retour de son frère et de sa grande sœur.
44,"Mon jour préféré est celui du troc. Les besaces à l'épaule, remplies de petites denrées, de l'alcool et autres broutilles, nous allons rencontrer les Islandais. J'accompagne Gaston et Clovis vers une maisonnette. On pénètre dans une grande pièce. Un feu brûle dans une belle cheminée mais quelle odeur ! Etant pauvres en bois, les Islandais se chauffent à la bouse de vache séchée pendant l'été. Beurk ! Clovis dépose sur la table une bouteille de genièvre. Gaston, lui, dépose des marrons, des noix et des noisettes. Les politesses accomplies, nous passons aux choses sérieuses. Le fils de la famille me propose un magnifique couteau dont le manche est formé d'une patte de mouton. En échange, je lui donne quelques biscuits et un pot de confiture de maman.","Les marins vont faire des échanges avec les Islandais. Les Islandais n'ont pas de bois alors, ils chauffent leurs maisons avec de la bouse de vache séchée. Clovis échange de l'alcool. Gaston échange des fruits secs. Jules échange de la confiture et des biscuits contre un couteau. Le couteau a un manche en os de mouton.","Un feu brûle dans une maison. Les Islandais boivent de l'alcool et du genièvre. Clovis donne des marrons, des noix et des noisettes à Gaston. Le fils de la famille donne un couteau à Clovis. Il lui donne aussi des biscuits et de la confiture.",C'est le jour du troc avec les Islandais. Clovis et Gaston vont dans une maison. Il y a du feu dans la maison. Les Islandais boivent de l'alcool et du genièvre. Le fils de la famille donne un couteau à Clovis. Il lui donne des biscuits et de la confiture.,"C'est le jour du troc. Clovis et Gaston apportent : • des biscuits • de l'alcool • des noix • des marrons • des noisettes. Les Islandais sont pauvres en bois mais ils chauffent leur maison avec de la bouse de vache séchée pendant l'été. Les marins donnent à Clovis : • un couteau, • un pot de confiture de maman."
45,"Les paysages sont magnifiques mais il y a peu de morues. Le second s'énerve : « Je sais où elles sont, moi, les morues. Vous allez en baver mais ça ne sera pas pour des prunes ! » Nous manœuvrons en position de pêche. Face au vent, nous déroulons des longueurs inouïes de ligne. A près de 300 mètres, le fond arrête les lignes. Gaston me prévient : « ça va chauffer ! » Le filin, autour de ma moufle se tend subitement. Je tire de toutes mes forces. Je crois que j'ai attrapé un rocher ! Mes bras s'engourdissent et s'alourdissent . Je transpire, je m'essouffle, je faiblis. Enfin, le barbillon d'une énorme morue apparaît hors de l'eau. Le second m'aide et la rattrape avec une gaffe. Non d'un chien, elle fait son poids, elle est plus grande que moi ! Mais ce n'est pas terminé, il faut s'y remettre inlassablement. Deux à trois heures se passent. Après cela, nous restons 10 heures sur nos paillasses, fatigués, usés, prostrés.","Le paysage est très beau Mais il n'y a pas de morues ! Les marins trouvent des morues à 300 mètres de profondeur. Jules pêche une énorme morue. La morue est plus grande que Jules. Les marins pêchent pendant 3 heures. Après, ils sont épuisés !","Il y a peu de morues. Gaston s'énerve : « Je sais où elles sont, moi, les morues ! Ça va chauffer ! » Le fil de ma moufle s'engourdit. Je transpire, je m'essouffle. Une grosse morue tombe hors de l'eau. Le second rattrape la morue avec une gaffe. La morue fait plus de poids que moi. Il faut continuer à pêcher.","Il y a peu de morues. Gaston dit : « Les morues sont là ! » Il pêche. Il prend une grosse morue. Il tire. La morue tombe dans l'eau. Il la rattrape avec un chien. Elle fait beaucoup de poids. Il faut s'arrêter pour la rattraper. Après, il y a 10 heures de pêche. Les gens sont fatigués, usés.","Les marins pêchent beaucoup de morues. Gaston est énervé car il ne voit pas où les morues sont. Il pêche très vite. Il tire très fort. Il attrape un rocher. La morue tombe hors de l'eau. Le second rattrape la morue avec une gaffe. Non, il s'agit d'une grosse morue. Elle fait plus de poids que moi."
46,"Je suis surpris par l'arrivée du commandant : « Je t'invite cet après-midi sur mon bateau stationnaire, tu représenteras ton père. C'était un bon capitaine, je l'estimais beaucoup. » Sur le bateau stationnaire, tous les capitaines sont présents, il y a aussi les représentants des autorités islandaises. Quel confort sur ce bateau, c'est incroyable : On y trouve une cuisine avec un cuisinier, un coin d'aisance, de l'eau chaude et même un petit hôpital ! Un novice du stationnaire se moque de moi. Le capitaine prend ma défense : « Tu n'as pas honte, toi, gosse d'officier ? Tu veux prendre sa place et son travail éreintant ? Une journée et tu pleures dans les jupons de ta mère ! Tu auras un rapport et tu seras de corvée de pommes de terre et de toilettes jusqu'à notre retour. Compris ? » Sur le point de rentrer je remercie le capitaine.","Jules va sur le bateau des officiers avec tous les capitaines. Sur le bateau des officiers, il y a : • une cuisine avec un cuisinier • des toilettes, de l'eau chaude • un petit hôpital. Sur le bateau des officiers, un garçon se moque de Jules. Le commandant punit le garçon.","Le capitaine dit : « Je t'invite sur mon bateau. Tu verras ton père. Il était un bon capitaine, je l'estimais beaucoup. » Sur le bateau, il y a beaucoup de gens. Il y a une cuisine, de l'eau chaude et un petit hôpital. Un jeune homme dit : "" Tu n'as pas honte d'être un enfant d'officier ? Tu vas pleurer dans les jupons de ta mère. Tu seras de corvée de pommes de terre et de toilettes jusqu'à notre retour. Compris ?","Le capitaine arrive. Il dit : « Je t'invite sur mon bateau. Tu verras ton père. Il était un bon capitaine. » Le bateau est très beau. Il y a beaucoup de gens sur le bateau. Le garçon dit : "" Tu n'as pas honte d'être un officier ? Tu vas faire du sport avec ta mère. Tu seras dans le bateau jusqu'à notre retour. Tu vas être puni."" Le père du capitaine remercie le père du bateau.","Le père de Jules est sur le bateau. Jules invite le capitaine sur son bateau. Le capitaine dit : « Je t'invite sur mon bateau. Tu vas voir ton père. C'était un bon capitaine. » Sur le bateau, tous les capitaines sont présents : • les marins islandais • les officiers islandais. Le bateau est très confortable : • une cuisine avec un cuisinier • un coin d'aisance avec de l'eau chaude • un petit hôpital. Un novice se moque du capitaine : « Tu n'as pas hon"
47,"Pas très loin d'ici se trouve un port écossais du nom d'Aberdeen. Il s'y trouve un chantier naval. Nous allons longer la côte pour nous y rendre. Nous demandons l'entrée dans le port écossais avec le pavillon de détresse. Un petit vapeur vient à notre rencontre et nous remorque jusqu'au quai. Ce chantier naval est spectaculaire, une vraie fourmilière. Un charpentier expérimenté se pointe devant nous, Clovis lui commande un espar de 8 mètres de long. « Ho, hisse ! Ho, hisse ! » Le nouveau bout-dehors doit être positionné. La tâche est longue est difficile. Enfin, c'est terminé.",Le bateau de Jules sera réparé dans un chantier naval en Écosse. Un petit bateau tire le bateau de Jules jusqu'au quai de réparation. Un charpentier scie une poutre de 8 mètres pour réparer le bateau de Jules. La réparation du bateau est longue et difficile.,Un bateau arrive. Il y a un chantier naval. Clovis et Clovis voient un espar de 8 mètres de long. Il faut mettre un nouveau bout-dehors dans le bateau. C'est long et difficile.,Le bateau arrive sur un port écossais. Il y a un chantier naval. Un bateau arrive. Il ramène le bateau. Il le remorque jusqu'au bateau. C'est un grand chantier. Un charpentier arrive. Clovis prend un espar de 8 mètres. Le bateau est trop grand. Il faut mettre un autre espar. Mais c'est fini.,"Le port écossais est près d'Aberdeen. Il y a un chantier naval. Clovis et Jules voient un bateau sur le chantier. Le bateau est remorqué par un vapeur. Les marins construisent un espar de 8 mètres de long. Le nouveau bout-dehors doit être positionné sur le bateau. C'est long, c'est difficile."
48,"Le moment tant attendu arrive enfin. Le phare, au loin devant nous est celui de Gravelines. Notre bateau est propre comme un sou neuf, contrairement à nos corps puants. D'abord nous devons nous débarrasser de nos paillasses. On se bouscule comme des gosses pour les jeter à la mer. D'autres vêtements partent à la baille : les moufles, les pantalons tenant debout par la crasse, le linge de corps usé, les vestes et pulls troués. Nous jetons aussi les patates germées et pourries et le baril d'aisance. Charles-Louis tonne : « De l'eau douce est à votre disposition pour nettoyer votre linge, et surtout vous. Vous sentez le vieux phoque ! » On s'habille du mieux qu'on peut avec les effets qui sont restés les plus soignés mais cette odeur de poisson nous colle à la peau, sous les ongles, sur les cheveux et les barbes.","Le bateau arrive enfin près de Dunkerque. Le bateau est propre. Les marins sont sales. Les marins jettent à la mer : • les paillasses • les habits sales • les patates pourries. Après, les marins se lavent et ils mettent des habits propres. Mais ils sentent quand même le poisson !",Le bateau est propre. Il y a de l'eau douce pour laver le linge. Mais il y a une odeur de poisson sur la peau et les cheveux.,Le bateau arrive au phare. Il est propre. Mais il y a des traces de poissons. Il y a de l'odeur de poisson sur le bateau. On jette les vêtements et les habits. Le bateau est sale. Le père de Jules dit : « De l'eau douce pour nettoyer votre linge. Vous sentez le vieux phoque ! » Le bateau part à la mer.,Le phare est près de Gravelines. Le bateau est propre. Les marins jettent leurs habits : • leurs moufles • leurs pantalons • leur linge de corps • leurs patates germées et pourries • leur baril d'aisance. « De l'eau douce est à votre disposition pour laver votre linge. Vous sentez l'odeur de poisson. »
49,"Le capitaine tente alors de me faire renoncer aux voyages en mer, m'exhortant à retourner chez mon père. Mais je monte à bord d'un vaisseau partant pour la côte d'Afrique. Je me lie d'amitié avec le capitaine, qui m'enseigne les règles de la navigation et l'art du commerce. Mes ventes me rapportent trois cents livres. Je décide alors de me faire marchand.",13 Le capitaine du bateau dit à Robinson : « La mer est trop dangereuse ! Retourne chez ton père ! » Mais Robinson n'écoute pas le capitaine. Il prend un autre bateau qui va en Afrique. Le nouveau capitaine apprend à Robinson : • à naviguer • à faire du commerce. Robinson dit : « Je vais faire du commerce pour gagner de l'argent. »,« Mon père m'a dit de ne pas voyager en mer. Je monte à bord d'un bateau. Le capitaine m'enseigne les règles de la navigation et l'art du commerce. Mes ventes me rapportent trois cents livres. Je décide de me faire marchand.,Le père de Jules demande de ne pas aller en mer. Jules monte sur un bateau. Il apprend à naviguer. Il vend. Il gagne beaucoup d'argent. Il décide de vendre son bateau.,"Jules décide de retourner chez son père. Jules monte à bord d'un bateau pour aller en Afrique. Sur le bateau, Jules apprend à naviguer et à vendre. Le capitaine conseille à Jules de vendre son bateau pour acheter de l'or."
50,"Onze jours plus tard, nous croisons la route d'un navire européen. On nous fait monter à bord. Le capitaine propose de me conduire au Brésil et de m'acheter la chaloupe. Il propose aussi d'acheter Xury. Ce dernier sera libéré de son esclavage au bout de dix ans s'il accepte de devenir chrétien. Le jeune garçon donne son accord.","23 Robinson et Xury repartent. Ils naviguent encore pendant 11 jours. Ils voient un bateau européen. Le capitaine du bateau dit à Robinson : « Je t'emmène au Brésil, si tu veux. J'achète ta barque. J'achète aussi Xury. » Le capitaine dit à Xury : « Tu seras mon esclave pendant 10 ans. Dans 10 ans, tu seras libre si tu deviens chrétien. » Xury dit : « D'accord. »","Un jour, nous voyons un bateau. Le capitaine propose de nous emmener au Brésil et de m'acheter une chaloupe. Xury est chrétien. Le jeune garçon donne son accord.",Le bateau arrive au Brésil. Le capitaine propose de prendre Xury. Xury est chrétien. Le jeune garçon donne son accord. Le bateau part. Il arrive au bateau. Il achète une chaloupe. Il donne Xury à un autre homme. Il devient chrétien.,"11 jours plus tard, Robinson et Xury voient un bateau européen. Le capitaine propose de me conduire au Brésil et de m'acheter une chaloupe. Robinson accepte aussi d'acheter Xury. Xury sera libéré de son esclavage au bout de dix ans s'il accepte de devenir chrétien."
51,"Ayant besoin d'aide, je regrette de m'être séparé de Xury. L'année suivante, j'ai beaucoup de succès dans ma plantation et, mes richesses augmentant, ma tête se remplit de projets irréalisables. Ayant lié connaissance avec des marchands d'esclaves de San Salvador, j'accepte de me joindre à eux. J'embarque avec eux pour la côte de Guinée afin de participer à leur commerce. Certains esclaves viendraient travailler dans ma plantation. Je m'embarque donc dans cette nouvelle aventure le 1 er septembre 1659.","27 Robinson a besoin d'esclaves pour travailler dans sa plantation. Alors, il rencontre des marchands d'esclaves. Les marchands disent à Robinson : « Viens avec nous en Guinée, tu pourras acheter des esclaves pour ta plantation. » « Bonne idée ! » Robinson a maintenant 27 ans. Il repart en mer pour aller en Guinée.",« Je regrette de m'être séparé de Xury. J'ai beaucoup de succès dans ma plantation. Je veux me marier avec des esclaves. Je m'embarque pour la Guinée. »,« Je regrette de m'être séparé de Xury. J'ai beaucoup de choses dans ma plantation. Je veux me marier avec des esclaves. Je vais avec eux pour aller en Guinée. » Il part en bateau. Il arrive le 1er septembre.,"En 1659, Xury s'est séparé de Xury. Xury a beaucoup de succès dans sa plantation. Mais son rêve n'est pas réalisable. Alors Xury décide de se marier avec des esclaves pour acheter de l'esclave en Guinée. Le 1er septembre, il part en bateau pour la Guinée avec des marins."
52,"Il me faut près d'un an pour achever mon logement. Puis je continue à l'améliorer et entreprends de me fabriquer des meubles. J'ai besoin d'une chaise, d'une table et d'étagères. Ceci fait, je commence à tenir un journal de mes activités de chaque jour.","45 Robinson construit sa maison pendant 1 an. Ensuite, Robinson fabrique des meubles : • une chaise • une table • des étagères. Robinson écrit son journal de bord. Il écrit ce qu'il fait. Il écrit aussi ce qui lui arrive.","Il faut un an pour construire le logement. Puis, il commence à fabriquer des meubles. Il prend une chaise, une table et des étagères. Il commence à tenir un journal.","Il faut un an pour construire le logement. Il fabrique des meubles. Il prend une chaise, une table et des étagères. Il écrit ses journées.",Jules achète son logement. Jules fabrique des meubles : • une chaise • une table • des étagères • un journal des activités de Jules.
53,"Avril Le 16. Je termine l'échelle qui me permet de franchir la palissade et d'accéder à ma demeure désormais complète. Le 17. Un épouvantable tremblement de terre suivi d'un terrible ouragan qui dure près de trois heures m'obligent à me mettre à l'abri. Il continue de pleuvoir toute la nuit et une grande partie du lendemain. Le 22. Je prépare mes outils afin de faire un campement plus sûr. Le 30. M'apercevant que ma provision de biscuits diminue, je ne mange plus qu'un biscuit par jour.","51 En avril, Robinson commence à fabriquer une échelle. L'échelle servira à franchir le mur autour de la maison. Robinson doit s'abriter à cause : • d'un tremblement de terre • d'une tempête. Alors, il décide de consolider sa maison. Robinson n'a plus beaucoup de biscuits alors il mange seulement un biscuit par jour.","En avril, il pleut toute la nuit. Il y a un ouragan. Je prépare un campement pour le lendemain. Mais ma provision de biscuits diminue.","Le 16, il pleut. Il y a un ouragan. Il pleut toute la nuit. Il faut se mettre à l'abri. Il n'y a plus de nourriture. Le 30, il mange un peu de biscuits. Il ne mange plus.",Avril C'est le mois d'avril. Il pleut toute la nuit. Il fait très froid. Il y a un ouragan pendant 3 heures. Les marins préparent un abri pour se protéger du ouragan. Le 22. Robinson mange beaucoup de biscuits.
54,"Je reste à la maison autant que possible durant les mois pluvieux. Je tresse des corbeilles pour porter de la terre, ou pour transporter ou conserver diverses choses. Puis j'explore l'île, armé de mon mousquet et de ma hache, et accompagné de mon chien. A l'ouest, j'aperçois une autre terre. Je ne sais pas si c'est une île ou un continent, mais je pense qu'elle doit faire partie de l'Amérique. Ce voyage m'est excessivement agréable ; les savanes sont douces, verdoyantes, émaillées de fleurs et semées de bosquets charmants. Il y a beaucoup de perroquets ; j'en capture un. Il me faudra plusieurs années pour lui apprendre à parler et lui faire dire mon nom. Je ramène aussi un chevreau vivant, pour démarrer un élevage de boucs domestiques qui pourront me servir de nourriture quand ma poudre et mon plomb seront consommés.","59 Pendant la saison des pluies, Robinson reste chez lui. Il fabrique des paniers. Quand il ne pleut pas, Robinson explore son île. L'île est agréable avec : • des savanes fleuries • des perroquets. Robinson emporte un perroquet chez lui pour lui apprendre à parler. Robinson emporte un chevreau chez lui pour faire un élevage pour se nourrir.",Il y a beaucoup de perroquets sur l'île. Il faut apprendre à parler et à dire mon nom. Il ramène aussi un chevreau vivant pour faire un élevage de boucs.,Il reste à la maison. Il ramasse des corbeilles. Il va sur l'île. Il voit une autre terre. Il ne sait pas si c'est une île ou un continent. Il pense qu'elle fait partie de l'Amérique. C'est beau. Il y a beaucoup de perroquets. Il apprend à parler. Il prend un chevreau pour élever des boucs.,Robinson reste sur l'île pendant les mois d'hiver. Il tresse des corbeilles pour porter de la terre ou des objets. Robinson explore l'ouest de l'Amérique. Il voit une autre île. Il ne sait pas si c'est une île ou un continent. Robinson voit beaucoup de perroquets. Il apprend à parler et à dire son nom. Robinson ramène aussi un chevreau vivant pour élever des boucs.
55,"André Vasling. C'est l'assistant de Louis, « le second ». Il ne veut pas vraiment retrouver Louis car il veut épouser Marie.",Penellan. C'est un marin. Il veut vraiment retrouver Louis. Il aide Marie à se cacher sur le bateau.,André est l'assistant de Louis. Il veut se marier avec Marie.,André est l'assistant de Louis. Il veut se marier avec Marie. Il ne veut pas vraiment retrouver Louis.,André est l'assistant de Louis. Il ne veut pas vraiment retrouver Louis car il veut épouser Marie.
56,"Le vieil homme rentra chez lui. Il avait fait construire le brick « La Jeune-Hardie » que son fils commandait maintenant. Le jeune homme, âgé de 30 ans et considéré comme le meilleur marin de Dunkerque, était amoureux de Marie, jolie orpheline de 20 ans qu'il devait épouser. Le bateau revenait d'un voyage de 3 mois en Norvège.",Le bateau de Louis arrive à Dunkerque. C'est Jean qui a construit le bateau de Louis. Louis est le meilleur commandant de Dunkerque. Louis est amoureux de Marie.,Le vieil homme achète un bateau pour son fils. Il veut épouser Marie. Le bateau arrive en Norvège.,Le vieil homme va chez lui. Il construit un bateau pour son fils. Il veut épouser Marie. Le bateau part pour la Norvège. Il arrive à Dunkerque. Il est amoureux de Marie.,Le père de Jules a construit le bateau pour son fils. Jules est amoureux de Marie. Marie doit épouser Jules. Le bateau est parti 3 mois en Norvège.
57,"Vers le 23 juillet, le bateau rencontra les premiers bancs de glace. Désormais, il fallait redoubler de vigilance. Les marins se relayaient toutes les 2 heures sous la pluie, la neige et par une température très basse. Marie restait parfois sur le pont. Le 1er août, les marins voient des icebergs dans le brouillard.","Le 23 juillet, le bateau est dans les glaces. C'est dangereux ! Les marins sont sur le pont du bateau. Ils surveillent les glaces. Les marins ont froid. Le 1er août, les marins voient des icebergs dans le brouillard.",Il y a des icebergs dans le brouillard.,"Il y a de la glace. Il faut être vigilant. Il pleut. Il fait très froid. Marie reste sur le bateau. Le 1er août, il y a des icebergs dans le brouillard.","Le 23 juillet, les marins voient des icebergs dans le brouillard. Les marins sont très inquiets car il fait très froid. Marie reste sur le pont. Le 1er août, le bateau voit un iceberg."
58,"Le 1er août, l'équipage eut à faire face aux premiers icebergs. La navigation, dans le brouillard et l'obscurité, devint difficile. Le bateau risquait à tout moment de heurter la glace et de sombrer. Soudain, « La Jeune-Hardie » se retrouva face à une masse de glace qui fonçait droit sur elle. Heureusement, au moment même où les marins crurent qu'ils étaient perdus, le bloc de glace se retourna, et le brick put reprendre sa route : une immense plaine d'eau assurait une navigation facile.","Si le bateau tape un iceberg, le bateau va couler. Le bateau arrive sur un iceberg. Le bateau va taper l'iceberg. Les marins ont peur. Heureusement, l'iceberg se retourne. Le bateau passe.","Le 1er août, il y a des icebergs. C'est difficile de naviguer. Un bloc de glace tombe sur le bateau. Heureusement, il n'y a pas de danger.","Le 1er août, il y a des icebergs. Le bateau tombe. Il y a un bloc de glace. Il tombe sur le bateau. Les marins voient que c'est un bateau. Ils voient un bateau qui va couler. Heureusement, il n'y a pas d'iceberg.","Le 1er août, les marins font face aux premiers icebergs. Les marins naviguent dans le brouillard et l'obscurité. Le bateau peut heurter la glace et couler. Soudain, le bateau heurte un bloc de glace. Heureusement, le bloc se retourne et le bateau repart vers le port. Le port est rempli d'eau."
59,"Dès le mois de mars, le retour des oiseaux annonça une diminution du froid et l'arrivée des beaux jours. La chasse devint plus facile et, malgré quelques épreuves, les conditions de vie s'améliorèrent. Pendant 8 mois, le soleil ne se coucherait pas.",C'est le printemps. Il fait de moins en moins froid. Le jour dure plus longtemps. La chasse est plus facile.,"En mars, les oiseaux arrivent. Il fait plus froid. Il y a moins de chasse. Les gens vivent mieux.","Les oiseaux arrivent. Il fait plus froid. Il y a moins de chasse. Les gens vivent mieux. Pendant 8 mois, le soleil ne se couche pas.","En mars, les oiseaux reviennent. Les chasseurs vont mieux chasser. Les gens vont mieux vivre. Pendant 8 mois, le soleil ne se couchera pas."
60,"En avril, les marins préparèrent le bateau, qui put finalement quitter la baie d'hivernage le 21 mai. Ils mirent près d'un mois à sortir de la mer polaire.","Pendant le mois d'avril, les marins réparent le bateau. Le 21 mai, le bateau est prêt. Louis et ses marins voyagent pendant 1 mois dans l'océan glacé.","En avril, les marins préparent le bateau. Il arrive à la mer polaire.","En avril, les marins préparent le bateau. Le bateau arrive à la baie d'hivernage le 21 mai. Il met un mois à sortir de la mer polaire.","En avril, les marins préparent le bateau. Le bateau quitte la baie d'hivernage le 21 mai. Les marins mettent un mois à sortir de la mer polaire."
61,"Après bien des aventures, « La Jeune-Hardie » fut de retour à Dunkerque le 16 août. Très vite, on célébra le mariage de Louis Cornbutte et de Marie.",Le voyage jusque Dunkerque dure encore 2 mois. Louis et ses marins arrivent à Dunkerque le 16 août. Marie et Louis se marient. Et… l'aventure est finie !,"Après bien des aventures, « La Jeune-Hardie » retourne à Dunkerque le 16 août. On fête le mariage de Louis et de Marie.","Après bien des aventures, « La Jeune-Hardie » arrive à Dunkerque le 16 août. Il y a un mariage. Louis et Marie sont mariés.","Après bien des aventures, « La Jeune-Hardie » retourne à Dunkerque le 16 août. Le 16 août, on fête le mariage de Louis et de Marie."
62,"Tout à coup, madame Otis aperçut une tache rouge sombre sur le parquet. Elle dit à la gouvernante : « Je crois qu'on a dû répandre là quelque chose. » « Oui, madame. On a répandu du sang à cet endroit. » Répondit la gouvernante. « Mais c'est abominable, s'écria madame Otis. Je n'aime pas du tout les taches de sang dans une pièce où l'on se tient. Il faut la nettoyer tout de suite. » La vieille femme sourit et dit d'une voix mystérieuse : « Il est impossible de l'enlever. »",Madame Otis voit une tache sur le sol. « C'est une tache de sang. » « C'est horrible ! Il faut nettoyer très vite cette tache. »,Madame Otis voit une tache rouge sur le parquet. Elle dit à la gouvernante : « On a dû répandre du sang sur cette tache. Mais c'est abominable. Il faut nettoyer la tache de sang. » La vieille femme dit : « Il est impossible de l'enlever. »,"Madame Otis voit une tache rouge sur le parquet. Elle dit : « On a fait quelque chose. » « Oui, madame. Il y a des traces de sang. C'est horrible. Il faut nettoyer la tache. » La vieille femme sourit. « Il est impossible de la mettre. »","Madame Otis voit une tache rouge sur le parquet. « Je crois qu'on a dû répandre du sang sur cette tache. » « Oui, madame. On a répandu du sang à cet endroit. Mais c'est abominable. Je n'aime pas du tout les taches de sang dans une pièce où l'on se tient. Il faut nettoyer la tache tout de suite. »"
63,"L'orage se déchaîna toute cette nuit-là. Le lendemain matin, lorsqu'ils descendirent pour le petit-déjeuner, ils retrouvèrent la terrible tache de sang sur le parquet. Washington l'effaça donc une seconde fois mais le lendemain matin, elle reparut encore. Le jour suivant elle était encore là, bien que la bibliothèque eût été fermée à clef pour la nuit.",La rencontre avec le fantôme L'orage dure toute la nuit. C'est le matin. La famille se retrouve dans la bibliothèque. La tache de sang est à nouveau sur le sol. Washington frotte la tache. La tache disparaît. Mais la famille retrouve la tache sur le sol tous les matins.,"L'orage dure toute la nuit. Quand ils descendent, il y a une tache de sang sur le parquet. Washington efface la tache. Il y a encore de la lumière dans la bibliothèque.","Il pleut. Il y a une tache de sang sur le parquet. Washington efface la tache. La tache revient. Le lendemain, il y a encore de la lumière. Mais la lumière est toujours là. La bibliothèque est fermée pour la nuit.","L'orage dure toute la nuit. Washington et Alphonse voient une tache de sang sur le parquet. La tache est toujours là. Le lendemain matin, Alphonso et Washington voient encore la tache. Mais elle n'est plus là. La bibliothèque est toujours fermée à clef."
64,"Un instant, le fantôme de Canterville demeura parfaitement immobile. Puis il lança le flacon sur le parquet et s'enfuit le long du couloir en poussant des gémissements.",Le fantôme est vexé. Il lance le flacon d'huile sur le sol. Il fuit dans le couloir.,"Un instant, le fantôme de Canterville reste immobile. Puis il lance le flacon sur le parquet et s'enfuit.",Le fantôme reste immobile. Il lance le flacon sur le parquet. Il crie. Il s'enfuit dans le couloir.,"Un instant, le fantôme reste immobile. Puis il lance le flacon sur le parquet. Il s'enfuit dans le couloir."
65,"Dès qu'il eut atteint son petit cabinet secret, le fantôme songea : – aux quatre servantes qui avaient été saisies d'une crise d'hystérie alors qu'il les avait simplement regardées avec un rire grimaçant, – à la vieille madame de Trémouillac, qui ayant aperçu un squelette assis dans un fauteuil, avait dû garder le lit pendant six semaines, – au maître d'hôtel qui s'était tué d'un coup de pistolet parce qu'il avait vu une main verte frapper au carreau, – à ses apparitions en « nourrisson étranglé » ou en « suceur de sang ».","Le fantôme est dans sa chambre. Il pense à ses grandes victoires. Il a fait très peur aux habitants du château : – en faisant des grimaces, – en devenant tout vert, – en montrant son squelette, – en se déguisant en monstres horribles.",Le fantôme pense : « aux quatre servantes qui ont fait une crise d'hystérie. » Il pense aussi : « à la vieille dame qui a vu un squelette dans un fauteuil. »,Le fantôme voit des choses bizarres. Il pense : « à la dame de Trémouillac. Il a vu un squelette dans son lit. Il est mort. » Il pense aussi : « au maître d'hôtel qui a tué un homme avec un pistolet. Il l'a vu en sang. »,Le fantôme pense : « aux 4 servantes qui ont fait une crise d'hystérie alors qu'il les avait simplement regardées avec un rire grimaçant. » « à la vieille madame de Trémouillac qui a aperçu un squelette dans un fauteuil pendant 6 semaines. »
66,"Le lendemain, le fantôme fut immobilisé par un gros rhume. Il renonça dès lors à effrayer cette grossière famille américaine et se contenta de rôder le long des couloirs, chaussé de pantoufles avec un épais cache-nez autour de la gorge.","Le lendemain, le fantôme est malade. Il met une écharpe et des chaussons. Et il se promène tout triste dans le château. « J'abandonne. Je ne pourrai jamais faire peur à cette famille. Tant pis ! »","Le lendemain, le fantôme est très malade. Il ne veut pas faire peur aux gens. Il se cache dans les couloirs.",Le fantôme est très malade. Il ne veut pas faire peur aux gens. Il va dans les couloirs. Il met des pantoufles. Il cache son visage avec un cache-nez.,Le fantôme se réveille. Il a un gros rhume. Il n'a pas peur. Il va dans les couloirs. Il met des pantoufles avec un cache-nez.
67,"Il était environ deux heures et quart du matin. Tandis que le fantôme se dirigeait lentement vers la bibliothèque pour voir s'il restait quelques traces de la tache de sang, deux personnages bondirent tout à coup sur lui du fond d'un recoin sombre, agitant follement les bras au-dessus de leur tête, et lui hurlant « Bou ! » à l'oreille.",Le fantôme arrive dans la bibliothèque. Les jumeaux sautent sur le fantôme. Ils crient. « Bou ! » Le fantôme est paniqué. Il s'enfuit.,Il est deux heures du matin. Le fantôme voit une tache de sang. Il crie « Bou ! ».,Il est minuit. Le fantôme voit une tache de sang. Il court vers la bibliothèque. Il voit deux personnes. Il crie : « Bou ! ».,"Il est 2 heures du matin. Le fantôme marche vers la bibliothèque. Il voit une tache de sang sur la tache. Soudain, 2 personnages sortent du fond d'un recoin sombre. Ils crient « Bou ! »."
68,"Saisi de panique, le fantôme se précipita dans l'escalier mais il y trouva Washington Otis qui l'attendait, muni de la grande seringue du jardin.",Mais le fantôme rencontre Washington dans les escaliers. Washington menace le fantôme avec une seringue.,Le fantôme arrive dans l'escalier. Il voit Washington Otis.,Le fantôme monte dans l'escalier. Il voit Washington Otis. Washington est dans le jardin. Il prend une seringue.,"Washington Otis monte dans l'escalier. Soudain, il voit Washington. Washington est dans le jardin. Washington a une seringue."
69,"Se voyant ainsi encerclé de toutes parts par ses ennemis, Simon de Canterville disparut dans le gros poêle de fonte, arrivant dans sa chambre dans un état affreux de saleté, de désordre, et de désespoir. Depuis cette nuit-là, personne ne revit le fantôme. Il avait été si blessé qu'il ne voulait plus se montrer. Tout le monde pensait que le fantôme avait disparu et en était très satisfait.","Simon s'enfuit par la cheminée. Il retourne dans sa chambre. Il est trop malheureux pour sortir de sa chambre. Alors, la famille pense : « Ouf ! Le fantôme est parti. » Tout le monde est très content.",Simon de Canterville est blessé. Il ne veut plus se montrer. Tout le monde pense que le fantôme est parti.,Simon de Canterville est blessé. Il ne veut plus se montrer. Tout le monde pense que le fantôme est mort. Simon est dans sa chambre. Il n'y a plus personne. Il est triste.,"Simon de Canterville arrive dans sa chambre. Il est dans un état de saleté, de désordre et de désespoir. Depuis cette nuit-là, personne ne voit le fantôme. Il ne veut plus se montrer. Tout le monde est content."
70,"Quatre jours après, une procession funèbre partit de Canterville vers onze heures du soir. Lord Canterville était venu de Londres pour assister à l'enterrement du fantôme. Il était en tête du cortège avec la petite Virginia.",La fin de l'histoire C'est le jour de l'enterrement du fantôme. Lord de Canterville est venu pour l'enterrement. Tout le monde conduit le fantôme au cimetière. Tout le monde prie pour le fantôme.,Le fantôme est mort. Lord Canterville est venu à Londres pour assister à l'enterrement. Il est avec Virginia.,Le fantôme arrive à Canterville. Il va à l'enterrement. Il est avec la petite Virginia.,"Il y a 4 jours, une procession part de Londres pour enterrer le fantôme. Lord Canterville est venu à Londres pour assister à l'enterrement. Il est en tête du cortège avec Virginia."
71,"Le lendemain matin, Lord Canterville et monsieur Otis s'entretiennent au sujet des bijoux. En effet, le fantôme avait donné à Virginia des bijoux absolument magnifiques, en particulier un collier de rubis avec une monture vénitienne qui était véritablement superbe. La valeur de ce bijou était considérable. Monsieur Otis dit à Lord de Canterville : « Reprenez les bijoux avec vous à Londres car ils sont l'héritage de votre famille. »",C'est le lendemain. Monsieur Otis et Lord de Canterville discutent ensemble. « Le fantôme a donné une boîte de bijoux à Virginia. Ces bijoux sont très beaux et très chers. Ils sont à votre famille. Vous devez emporter ces bijoux à Londres. »,"Le lendemain, le fantôme donne des bijoux à Virginia. Il lui donne un collier de rubis avec une monture vénitienne. Le collier est très beau. Il dit à Virginia : « Reprenez les bijoux avec vous à Londres. »",Le fantôme donne des bijoux à Virginia. Il lui donne un collier avec une monture vénitienne. Le collier est très beau. Il dit à Virginia : « Reprenez les bijoux. Ils sont pour votre famille. »,"Le lendemain, Lord de Canterville et Virginia discutent des bijoux. Le fantôme donne à Virginia des bijoux magnifiques. Virginia a acheté un collier de rubis avec une monture vénitienne. Le collier est très beau. Le bijou a une valeur importante. « Reprenez les bijoux avec vous car ils sont l'héritage de votre famille. »"
